"","LGA","Rep_DS","State","U5_coverage","adult_coverage","severe_cases","simday","duration","year","start_day_override"
"1","Aba North","Ngor-Okpala",NA,0.483373403,0.483373403,0.69,0,-1,2018,-1
"2","Aba South","Ngor-Okpala",NA,0.483373403,0.483373403,0.69,0,-1,2018,-1
"3","Abadam","Babura",NA,0.549277359,0.549277359,0.69,0,-1,2018,-1
"4","Abaji","Keana",NA,0.446130843,0.446130843,0.69,0,-1,2018,-1
"5","Abak","Nsit Ubium",NA,0.497727761,0.497727761,0.69,0,-1,2018,-1
"6","Abakaliki","Owan East",NA,0.552748878,0.552748878,0.69,0,-1,2018,-1
"7","Abeokuta North","Owan East",NA,0.716473785,0.716473785,0.69,0,-1,2018,-1
"8","Abeokuta South","Uzo-Uwani",NA,0.8,0.8,0.69,0,-1,2018,-1
"9","Abi","Obubra",NA,0.345161293,0.345161293,0.69,0,-1,2018,-1
"10","Aboh-Mbaise","Ngor-Okpala",NA,0.575,0.575,0.69,0,-1,2018,-1
"11","Abua-Odual","Ahoada West",NA,0.304505917,0.304505917,0.69,0,-1,2018,-1
"12","Abuja Municipal","Keana",NA,0.248123756,0.248123756,0.69,0,-1,2018,-1
"13","Adavi","Owan East",NA,0.478942779,0.478942779,0.69,0,-1,2018,-1
"14","Ado","Akinyele",NA,0.371296311,0.371296311,0.69,0,-1,2018,-1
"15","Ado Ekiti","Owan East",NA,0.478942779,0.478942779,0.69,0,-1,2018,-1
"16","Ado-Odo-Ota","Uzo-Uwani",NA,0.620192485,0.620192485,0.69,0,-1,2018,-1
"17","Afijio","Akinyele",NA,0.354926235,0.354926235,0.69,0,-1,2018,-1
"18","Afikpo North","Oru West",NA,0.863945585,0.863945585,0.69,0,-1,2018,-1
"19","Afikpo South","Ngor-Okpala",NA,0.670951796,0.670951796,0.69,0,-1,2018,-1
"20","Agaie","Oke-Ero",NA,0.446839589,0.446839589,0.69,0,-1,2018,-1
"21","Agatu","Keana",NA,0.377187213,0.377187213,0.69,0,-1,2018,-1
"22","Agege","Uzo-Uwani",NA,0.620192485,0.620192485,0.69,0,-1,2018,-1
"23","Aguata","Oru West",NA,0.635107986,0.635107986,0.69,0,-1,2018,-1
"24","Agwara","Birnin Kebbi",NA,0.62225568,0.62225568,0.69,0,-1,2018,-1
"25","Ahiazu-Mbaise","Ngor-Okpala",NA,0.483373403,0.483373403,0.69,0,-1,2018,-1
"26","Ahoada East","Ahoada West",NA,0.500663225,0.500663225,0.69,0,-1,2018,-1
"27","Ahoada West","Ahoada West",NA,0.533333333,0.533333333,0.69,0,-1,2018,-1
"28","Aiyedade","Akinyele",NA,0.354926235,0.354926235,0.69,0,-1,2018,-1
"29","Aiyedire","Akinyele",NA,0.354926235,0.354926235,0.69,0,-1,2018,-1
"30","Ajaokuta","Owan East",NA,0.478942779,0.478942779,0.69,0,-1,2018,-1
"31","Ajeromi-Ifelodun","Uzo-Uwani",NA,0.8,0.8,0.69,0,-1,2018,-1
"32","Ajingi","Taura",NA,0.374928041,0.374928041,0.69,0,-1,2018,-1
"33","Akamkpa","Ngor-Okpala",NA,0.391387598,0.391387598,0.69,0,-1,2018,-1
"34","Akinyele","Akinyele",NA,0.354926235,0.354926235,0.69,0,-1,2018,-1
"35","Akko","Alkaleri",NA,0.345904448,0.345904448,0.69,0,-1,2018,-1
"36","Akoko North East","Oke-Ero",NA,0.496533971,0.496533971,0.69,0,-1,2018,-1
"37","Akoko North West","Oke-Ero",NA,0.716847318,0.716847318,0.69,0,-1,2018,-1
"38","Akoko South East","Oke-Ero",NA,0.446839589,0.446839589,0.69,0,-1,2018,-1
"39","Akoko South West","Oke-Ero",NA,0.533333333,0.533333333,0.69,0,-1,2018,-1
"40","Akoko-Edo","Owan East",NA,0.633768496,0.633768496,0.69,0,-1,2018,-1
"41","Akpabuyo","Nsit Ubium",NA,0.497727761,0.497727761,0.69,0,-1,2018,-1
"42","Akuku Toru","Ahoada West",NA,0.6,0.6,0.69,0,-1,2018,-1
"43","Akure North","Owan East",NA,0.478942779,0.478942779,0.69,0,-1,2018,-1
"44","Akure South","Owan East",NA,0.7,0.7,0.69,0,-1,2018,-1
"45","Akwanga","Oke-Ero",NA,0.446839589,0.446839589,0.69,0,-1,2018,-1
"46","Albasu","Takali",NA,0.8,0.8,0.69,0,-1,2018,-1
"47","Aleiro","Birnin Kebbi",NA,0.62225568,0.62225568,0.69,0,-1,2018,-1
"48","Alimosho","Uzo-Uwani",NA,0.474949084,0.474949084,0.69,0,-1,2018,-1
"49","Alkaleri","Alkaleri",NA,0.422117546,0.422117546,0.69,0,-1,2018,-1
"50","Amuwo-Odofin","Isoko South",NA,0.32159624,0.32159624,0.69,0,-1,2018,-1
"51","Anambra East","Uzo-Uwani",NA,0.620192485,0.620192485,0.69,0,-1,2018,-1
"52","Anambra West","Uzo-Uwani",NA,0.8,0.8,0.69,0,-1,2018,-1
"53","Anaocha","Oru West",NA,0.750802168,0.750802168,0.69,0,-1,2018,-1
"54","Andoni","Nsit Ubium",NA,0.366593506,0.366593506,0.69,0,-1,2018,-1
"55","Aninri","Oru West",NA,0.717961682,0.717961682,0.69,0,-1,2018,-1
"56","Aniocha North","Uzo-Uwani",NA,0.620192485,0.620192485,0.69,0,-1,2018,-1
"57","Aniocha South","Uzo-Uwani",NA,0.620192485,0.620192485,0.69,0,-1,2018,-1
"58","Anka","Darazo",NA,0.281656815,0.281656815,0.69,0,-1,2018,-1
"59","Ankpa","Owan East",NA,0.478942779,0.478942779,0.69,0,-1,2018,-1
"60","Apa","Keana",NA,0.377187213,0.377187213,0.69,0,-1,2018,-1
"61","Apapa","Isoko South",NA,0.32159624,0.32159624,0.69,0,-1,2018,-1
"62","Ardo-Kola","Keana",NA,0.45,0.45,0.69,0,-1,2018,-1
"63","Arewa-Dandi","Birnin Kebbi",NA,0.8,0.8,0.69,0,-1,2018,-1
"64","Argungu","Birnin Kebbi",NA,0.791750026,0.791750026,0.69,0,-1,2018,-1
"65","Arochukwu","Ngor-Okpala",NA,0.483373403,0.483373403,0.69,0,-1,2018,-1
"66","Asa","Oke-Ero",NA,0.533333333,0.533333333,0.69,0,-1,2018,-1
"67","Asari-Toru","Ahoada West",NA,0.642896713,0.642896713,0.69,0,-1,2018,-1
"68","Askira-Uba","Darazo",NA,0.314371076,0.314371076,0.69,0,-1,2018,-1
"69","Atakumosa East","Oke-Ero",NA,0.446839589,0.446839589,0.69,0,-1,2018,-1
"70","Atakumosa West","Akinyele",NA,0.354926235,0.354926235,0.69,0,-1,2018,-1
"71","Atiba","Akinyele",NA,0.354926235,0.354926235,0.69,0,-1,2018,-1
"72","Atigbo","Oke-Ero",NA,0.446839589,0.446839589,0.69,0,-1,2018,-1
"73","Augie","Birnin Kebbi",NA,0.738461538,0.738461538,0.69,0,-1,2018,-1
"74","Auyo","Taura",NA,0.8,0.8,0.69,0,-1,2018,-1
"75","Awe","Keana",NA,0.377187213,0.377187213,0.69,0,-1,2018,-1
"76","Awgu","Oru West",NA,0.611077428,0.611077428,0.69,0,-1,2018,-1
"77","Awka North","Uzo-Uwani",NA,0.8,0.8,0.69,0,-1,2018,-1
"78","Awka South","Uzo-Uwani",NA,0.620192485,0.620192485,0.69,0,-1,2018,-1
"79","Ayamelum","Uzo-Uwani",NA,0.8,0.8,0.69,0,-1,2018,-1
"80","Babura","Babura",NA,0.695944351,0.695944351,0.69,0,-1,2018,-1
"81","Badagry","Uzo-Uwani",NA,0.620192485,0.620192485,0.69,0,-1,2018,-1
"82","Bade","Taura",NA,0.247619048,0.247619048,0.69,0,-1,2018,-1
"83","Bagudo","Birnin Kebbi",NA,0.545276873,0.545276873,0.69,0,-1,2018,-1
"84","Bagwai","Babura",NA,0.4,0.4,0.69,0,-1,2018,-1
"85","Bakassi","Obubra",NA,0.61009749,0.61009749,0.69,0,-1,2018,-1
"86","Bakori","Gwarzo",NA,0.372172547,0.372172547,0.69,0,-1,2018,-1
"87","Bakura","Darazo",NA,0.314371076,0.314371076,0.69,0,-1,2018,-1
"88","Balanga","Alkaleri",NA,0.414165347,0.414165347,0.69,0,-1,2018,-1
"89","Bali","Keana",NA,0.52893977,0.52893977,0.69,0,-1,2018,-1
"90","Bama","Darazo",NA,0.314371076,0.314371076,0.69,0,-1,2018,-1
"91","Barikin Ladi","Soba",NA,0.22049469,0.22049469,0.69,0,-1,2018,-1
"92","Baruten","Oke-Ero",NA,0.446839589,0.446839589,0.69,0,-1,2018,-1
"93","Bassa1","Keana",NA,0.4,0.4,0.69,0,-1,2018,-1
"94","Bassa2","Soba",NA,0.22049469,0.22049469,0.69,0,-1,2018,-1
"95","Batagarawa","Rimi",NA,0.573076926,0.573076926,0.69,0,-1,2018,-1
"96","Batsari","Rimi",NA,0.533333333,0.533333333,0.69,0,-1,2018,-1
"97","Bauchi","Alkaleri",NA,0.227077492,0.227077492,0.69,0,-1,2018,-1
"98","Baure","Babura",NA,0.557142857,0.557142857,0.69,0,-1,2018,-1
"99","Bayo","Alkaleri",NA,0.7,0.7,0.69,0,-1,2018,-1
"100","Bebeji","Gwarzo",NA,0.372172547,0.372172547,0.69,0,-1,2018,-1
"101","Bekwara","Oke-Ero",NA,0.446839589,0.446839589,0.69,0,-1,2018,-1
"102","Bende","Ngor-Okpala",NA,0.375925804,0.375925804,0.69,0,-1,2018,-1
"103","Biase","Ngor-Okpala",NA,0.788028311,0.788028311,0.69,0,-1,2018,-1
"104","Bichi","Gwarzo",NA,0.372172547,0.372172547,0.69,0,-1,2018,-1
"105","Bida","Oke-Ero",NA,0.7,0.7,0.69,0,-1,2018,-1
"106","Billiri","Alkaleri",NA,0.533333333,0.533333333,0.69,0,-1,2018,-1
"107","Bindawa","Rimi",NA,0.3,0.3,0.69,0,-1,2018,-1
"108","Binji","Gawabawa",NA,0.45,0.45,0.69,0,-1,2018,-1
"109","Biriniwa","Taura",NA,0.366666667,0.366666667,0.69,0,-1,2018,-1
"110","Birni Kudu","Takali",NA,0.423983083,0.423983083,0.69,0,-1,2018,-1
"111","Birnin Kebbi","Birnin Kebbi",NA,0.772939706,0.772939706,0.69,0,-1,2018,-1
"112","Birnin Magaji","Rimi",NA,0.409995572,0.409995572,0.69,0,-1,2018,-1
"113","Birnin-Gwari","Giwa",NA,0.330508332,0.330508332,0.69,0,-1,2018,-1
"114","Biu","Darazo",NA,0.7,0.7,0.69,0,-1,2018,-1
"115","Bodinga","Gawabawa",NA,0.306631444,0.306631444,0.69,0,-1,2018,-1
"116","Bogoro","Alkaleri",NA,0.434127553,0.434127553,0.69,0,-1,2018,-1
"117","Boki","Obubra",NA,0.45,0.45,0.69,0,-1,2018,-1
"118","Bokkos","Giwa",NA,0.330508332,0.330508332,0.69,0,-1,2018,-1
"119","Boluwaduro","Akinyele",NA,0.354926235,0.354926235,0.69,0,-1,2018,-1
"120","Bomadi","Isoko South",NA,0.32159624,0.32159624,0.69,0,-1,2018,-1
"121","Bonny","Nsit Ubium",NA,0.796547236,0.796547236,0.69,0,-1,2018,-1
"122","Borgu","Oke-Ero",NA,0.485714286,0.485714286,0.69,0,-1,2018,-1
"123","Boripe","Akinyele",NA,0.533333333,0.533333333,0.69,0,-1,2018,-1
"124","Bosso","Keana",NA,0.416058677,0.416058677,0.69,0,-1,2018,-1
"125","Brass","Ahoada West",NA,0.714466613,0.714466613,0.69,0,-1,2018,-1
"126","Buji","Takali",NA,0.378754999,0.378754999,0.69,0,-1,2018,-1
"127","Bukkuyum","Alkaleri",NA,0.434127553,0.434127553,0.69,0,-1,2018,-1
"128","Bungudu","Takali",NA,0.497222393,0.497222393,0.69,0,-1,2018,-1
"129","Bunkure","Gwarzo",NA,0.372172547,0.372172547,0.69,0,-1,2018,-1
"130","Bunza","Birnin Kebbi",NA,0.62225568,0.62225568,0.69,0,-1,2018,-1
"131","Bursari","Taura",NA,0.325,0.325,0.69,0,-1,2018,-1
"132","Buruku","Keana",NA,0.400000038,0.400000038,0.69,0,-1,2018,-1
"133","Burutu","Isoko South",NA,0.32159624,0.32159624,0.69,0,-1,2018,-1
"134","Bwari","Giwa",NA,0.354268943,0.354268943,0.69,0,-1,2018,-1
"135","Calabar South","Nsit Ubium",NA,0.497727761,0.497727761,0.69,0,-1,2018,-1
"136","Calabar-Municipal","Nsit Ubium",NA,0.499739676,0.499739676,0.69,0,-1,2018,-1
"137","Chanchaga","Keana",NA,0.588965514,0.588965514,0.69,0,-1,2018,-1
"138","Charanchi","Rimi",NA,0.305263158,0.305263158,0.69,0,-1,2018,-1
"139","Chibok","Darazo",NA,0.314371076,0.314371076,0.69,0,-1,2018,-1
"140","Chikun","Soba",NA,0.22049469,0.22049469,0.69,0,-1,2018,-1
"141","Dala","Alkaleri",NA,0.850046207,0.850046207,0.69,0,-1,2018,-1
"142","Damaturu","Darazo",NA,0.314371076,0.314371076,0.69,0,-1,2018,-1
"143","Damban","Darazo",NA,0.533333333,0.533333333,0.69,0,-1,2018,-1
"144","Dambatta","Babura",NA,0.533333333,0.533333333,0.69,0,-1,2018,-1
"145","Damboa","Darazo",NA,0.314371076,0.314371076,0.69,0,-1,2018,-1
"146","Dan Musa","Rimi",NA,0.409995572,0.409995572,0.69,0,-1,2018,-1
"147","Dandi","Birnin Kebbi",NA,0.54910543,0.54910543,0.69,0,-1,2018,-1
"148","Dandume","Giwa",NA,0.330508332,0.330508332,0.69,0,-1,2018,-1
"149","Dange-Shnsi","Gawabawa",NA,0.325,0.325,0.69,0,-1,2018,-1
"150","Danja","Giwa",NA,0.330508332,0.330508332,0.69,0,-1,2018,-1
"151","Darazo","Darazo",NA,0.361152612,0.361152612,0.69,0,-1,2018,-1
"152","Dass","Alkaleri",NA,0.434127553,0.434127553,0.69,0,-1,2018,-1
"153","Daura","Babura",NA,0.402230441,0.402230441,0.69,0,-1,2018,-1
"154","Dawakin Kudu","Gwarzo",NA,0.472727273,0.472727273,0.69,0,-1,2018,-1
"155","Dawakin Tofa","Taura",NA,0.381818182,0.381818182,0.69,0,-1,2018,-1
"156","Degema","Ahoada West",NA,0.45,0.45,0.69,0,-1,2018,-1
"157","Dekina","Owan East",NA,0.390297763,0.390297763,0.69,0,-1,2018,-1
"158","Demsa","Alkaleri",NA,0.8,0.8,0.69,0,-1,2018,-1
"159","Dikwa","Darazo",NA,0.314371076,0.314371076,0.69,0,-1,2018,-1
"160","Doguwa","Giwa",NA,0.330434783,0.330434783,0.69,0,-1,2018,-1
"161","Doma","Keana",NA,0.377187213,0.377187213,0.69,0,-1,2018,-1
"162","Donga","Keana",NA,0.484919607,0.484919607,0.69,0,-1,2018,-1
"163","Dukku","Darazo",NA,0.314371076,0.314371076,0.69,0,-1,2018,-1
"164","Dunukofia","Uzo-Uwani",NA,0.620192485,0.620192485,0.69,0,-1,2018,-1
"165","Dutse","Takali",NA,0.348488039,0.348488039,0.69,0,-1,2018,-1
"166","Dutsi","Rimi",NA,0.430769231,0.430769231,0.69,0,-1,2018,-1
"167","Dutsin-Ma","Rimi",NA,0.409995572,0.409995572,0.69,0,-1,2018,-1
"168","Eastern Obolo","Nsit Ubium",NA,0.8,0.8,0.69,0,-1,2018,-1
"169","Ebonyi","Owan East",NA,0.478942779,0.478942779,0.69,0,-1,2018,-1
"170","Edati","Oke-Ero",NA,0.446839589,0.446839589,0.69,0,-1,2018,-1
"171","Ede North","Akinyele",NA,0.354926235,0.354926235,0.69,0,-1,2018,-1
"172","Ede South","Akinyele",NA,0.354926235,0.354926235,0.69,0,-1,2018,-1
"173","Edu","Oke-Ero",NA,0.446839589,0.446839589,0.69,0,-1,2018,-1
"174","Efon-Alayee","Oke-Ero",NA,0.446839589,0.446839589,0.69,0,-1,2018,-1
"175","Egbado North","Owan East",NA,0.478942779,0.478942779,0.69,0,-1,2018,-1
"176","Egbado South","Uzo-Uwani",NA,0.620192485,0.620192485,0.69,0,-1,2018,-1
"177","Egbeda","Akinyele",NA,0.307316809,0.307316809,0.69,0,-1,2018,-1
"178","Egbedore","Akinyele",NA,0.74187193,0.74187193,0.69,0,-1,2018,-1
"179","Egor","Uzo-Uwani",NA,0.620192485,0.620192485,0.69,0,-1,2018,-1
"180","Ehime-Mbano","Ngor-Okpala",NA,0.791374486,0.791374486,0.69,0,-1,2018,-1
"181","Ejigbo","Akinyele",NA,0.415907256,0.415907256,0.69,0,-1,2018,-1
"182","Ekeremor","Ahoada West",NA,0.405928424,0.405928424,0.69,0,-1,2018,-1
"183","Eket","Nsit Ubium",NA,0.497727761,0.497727761,0.69,0,-1,2018,-1
"184","Ekiti","Oke-Ero",NA,0.8,0.8,0.69,0,-1,2018,-1
"185","Ekiti East","Oke-Ero",NA,0.446839589,0.446839589,0.69,0,-1,2018,-1
"186","Ekiti South West","Oke-Ero",NA,0.662500057,0.662500057,0.69,0,-1,2018,-1
"187","Ekiti West","Oke-Ero",NA,0.362213602,0.362213602,0.69,0,-1,2018,-1
"188","Ekwusigo","Oru West",NA,0.8,0.8,0.69,0,-1,2018,-1
"189","Eleme","Ahoada West",NA,0.351693513,0.351693513,0.69,0,-1,2018,-1
"190","Emohua","Ahoada West",NA,0.366666667,0.366666667,0.69,0,-1,2018,-1
"191","Emure","Oke-Ero",NA,0.446839589,0.446839589,0.69,0,-1,2018,-1
"192","Enugu East","Uzo-Uwani",NA,0.8,0.8,0.69,0,-1,2018,-1
"193","Enugu North","Uzo-Uwani",NA,0.620192485,0.620192485,0.69,0,-1,2018,-1
"194","Enugu South","Uzo-Uwani",NA,0.714893508,0.714893508,0.69,0,-1,2018,-1
"195","Epe","Uzo-Uwani",NA,0.620192485,0.620192485,0.69,0,-1,2018,-1
"196","Esan Central","Owan East",NA,0.478942779,0.478942779,0.69,0,-1,2018,-1
"197","Esan North East","Uzo-Uwani",NA,0.620192485,0.620192485,0.69,0,-1,2018,-1
"198","Esan South East","Uzo-Uwani",NA,0.620192485,0.620192485,0.69,0,-1,2018,-1
"199","Esan West","Uzo-Uwani",NA,0.620192485,0.620192485,0.69,0,-1,2018,-1
"200","Ese-Odo","Owan East",NA,0.478942779,0.478942779,0.69,0,-1,2018,-1
"201","Esit Eket","Nsit Ubium",NA,0.271428571,0.271428571,0.69,0,-1,2018,-1
"202","Essien Udim","Ngor-Okpala",NA,0.419281699,0.419281699,0.69,0,-1,2018,-1
"203","Etche","Ngor-Okpala",NA,0.483373403,0.483373403,0.69,0,-1,2018,-1
"204","Ethiope East","Isoko South",NA,0.32159624,0.32159624,0.69,0,-1,2018,-1
"205","Ethiope West","Isoko South",NA,0.32159624,0.32159624,0.69,0,-1,2018,-1
"206","Etim Ekpo","Isoko South",NA,0.32159624,0.32159624,0.69,0,-1,2018,-1
"207","Etinan","Ngor-Okpala",NA,0.483373403,0.483373403,0.69,0,-1,2018,-1
"208","Eti-Osa","Nsit Ubium",NA,0.497727761,0.497727761,0.69,0,-1,2018,-1
"209","Etsako Central","Owan East",NA,0.478942779,0.478942779,0.69,0,-1,2018,-1
"210","Etsako East","Owan East",NA,0.277954241,0.277954241,0.69,0,-1,2018,-1
"211","Etsako West","Owan East",NA,0.280351586,0.280351586,0.69,0,-1,2018,-1
"212","Etung","Obubra",NA,0.4,0.4,0.69,0,-1,2018,-1
"213","Ewekoro","Uzo-Uwani",NA,0.620192485,0.620192485,0.69,0,-1,2018,-1
"214","Ezeagu","Uzo-Uwani",NA,0.634581511,0.634581511,0.69,0,-1,2018,-1
"215","Ezinihitte","Ngor-Okpala",NA,0.588958352,0.588958352,0.69,0,-1,2018,-1
"216","Ezza North","Owan East",NA,0.39047619,0.39047619,0.69,0,-1,2018,-1
"217","Ezza South","Obubra",NA,0.678845956,0.678845956,0.69,0,-1,2018,-1
"218","Fagge","Alkaleri",NA,0.434127553,0.434127553,0.69,0,-1,2018,-1
"219","Fakai","Birnin Kebbi",NA,0.8,0.8,0.69,0,-1,2018,-1
"220","Faskari","Giwa",NA,0.330508332,0.330508332,0.69,0,-1,2018,-1
"221","Fika","Darazo",NA,0.295238095,0.295238095,0.69,0,-1,2018,-1
"222","Fufore","Alkaleri",NA,0.339280114,0.339280114,0.69,0,-1,2018,-1
"223","Funakaye","Alkaleri",NA,0.245454545,0.245454545,0.69,0,-1,2018,-1
"224","Fune","Darazo",NA,0.23153893,0.23153893,0.69,0,-1,2018,-1
"225","Funtua","Gwarzo",NA,0.372172547,0.372172547,0.69,0,-1,2018,-1
"226","Gabasawa","Taura",NA,0.374928041,0.374928041,0.69,0,-1,2018,-1
"227","Gada","Gawabawa",NA,0.306631444,0.306631444,0.69,0,-1,2018,-1
"228","Gagarawa","Taura",NA,0.374928041,0.374928041,0.69,0,-1,2018,-1
"229","Gamawa","Gwarzo",NA,0.372172547,0.372172547,0.69,0,-1,2018,-1
"230","Ganaye","Alkaleri",NA,0.434127553,0.434127553,0.69,0,-1,2018,-1
"231","Ganjuwa","Darazo",NA,0.301826237,0.301826237,0.69,0,-1,2018,-1
"232","Garki","Babura",NA,0.8,0.8,0.69,0,-1,2018,-1
"233","Garko","Gwarzo",NA,0.372172547,0.372172547,0.69,0,-1,2018,-1
"234","Garum Mallam","Gwarzo",NA,0.353846154,0.353846154,0.69,0,-1,2018,-1
"235","Gashaka","Oru West",NA,0.611077428,0.611077428,0.69,0,-1,2018,-1
"236","Gassol","Keana",NA,0.286136445,0.286136445,0.69,0,-1,2018,-1
"237","Gawabawa","Gawabawa",NA,0.306631444,0.306631444,0.69,0,-1,2018,-1
"238","Gaya","Gwarzo",NA,0.366666667,0.366666667,0.69,0,-1,2018,-1
"239","Gbako","Oke-Ero",NA,0.661538462,0.661538462,0.69,0,-1,2018,-1
"240","Gboko","Keana",NA,0.340281332,0.340281332,0.69,0,-1,2018,-1
"241","Gboyin","Obubra",NA,0.638502596,0.638502596,0.69,0,-1,2018,-1
"242","Geidam","Babura",NA,0.549277359,0.549277359,0.69,0,-1,2018,-1
"243","Gezawa","Gwarzo",NA,0.45,0.45,0.69,0,-1,2018,-1
"244","Giade","Darazo",NA,0.342857143,0.342857143,0.69,0,-1,2018,-1
"245","Gireri","Darazo",NA,0.280992121,0.280992121,0.69,0,-1,2018,-1
"246","Giwa","Giwa",NA,0.330508332,0.330508332,0.69,0,-1,2018,-1
"247","Gokana","Nsit Ubium",NA,0.382111551,0.382111551,0.69,0,-1,2018,-1
"248","Gombe","Alkaleri",NA,0.316169555,0.316169555,0.69,0,-1,2018,-1
"249","Gombi","Alkaleri",NA,0.408835269,0.408835269,0.69,0,-1,2018,-1
"250","Goronyo","Gawabawa",NA,0.306631444,0.306631444,0.69,0,-1,2018,-1
"251","Gubio","Gawabawa",NA,0.306631444,0.306631444,0.69,0,-1,2018,-1
"252","Gudu","Gawabawa",NA,0.306631444,0.306631444,0.69,0,-1,2018,-1
"253","Gujba","Darazo",NA,0.314371076,0.314371076,0.69,0,-1,2018,-1
"254","Gulani","Alkaleri",NA,0.434127553,0.434127553,0.69,0,-1,2018,-1
"255","Guma","Keana",NA,0.515463952,0.515463952,0.69,0,-1,2018,-1
"256","Gumel","Babura",NA,0.45,0.45,0.69,0,-1,2018,-1
"257","Gummi","Birnin Kebbi",NA,0.62225568,0.62225568,0.69,0,-1,2018,-1
"258","Gurara","Oke-Ero",NA,0.446839589,0.446839589,0.69,0,-1,2018,-1
"259","Guri","Taura",NA,0.374928041,0.374928041,0.69,0,-1,2018,-1
"260","Gusau","Darazo",NA,0.314371076,0.314371076,0.69,0,-1,2018,-1
"261","Guyuk","Alkaleri",NA,0.680706358,0.680706358,0.69,0,-1,2018,-1
"262","Guzamala","Babura",NA,0.549277359,0.549277359,0.69,0,-1,2018,-1
"263","Gwagwalada","Keana",NA,0.267621303,0.267621303,0.69,0,-1,2018,-1
"264","Gwale","Alkaleri",NA,0.65946767,0.65946767,0.69,0,-1,2018,-1
"265","Gwandu","Birnin Kebbi",NA,0.729411765,0.729411765,0.69,0,-1,2018,-1
"266","Gwaram","Takali",NA,0.423498732,0.423498732,0.69,0,-1,2018,-1
"267","Gwarzo","Gwarzo",NA,0.6,0.6,0.69,0,-1,2018,-1
"268","Gwer East","Oke-Ero",NA,0.446839589,0.446839589,0.69,0,-1,2018,-1
"269","Gwer West","Keana",NA,0.533333333,0.533333333,0.69,0,-1,2018,-1
"270","Gwiwa","Babura",NA,0.533333333,0.533333333,0.69,0,-1,2018,-1
"271","Gwoza","Darazo",NA,0.314371076,0.314371076,0.69,0,-1,2018,-1
"272","Hadejia","Taura",NA,0.374928041,0.374928041,0.69,0,-1,2018,-1
"273","Hawul","Darazo",NA,0.421538462,0.421538462,0.69,0,-1,2018,-1
"274","Hong","Darazo",NA,0.314371076,0.314371076,0.69,0,-1,2018,-1
"275","Ibadan North","Owan East",NA,0.449042174,0.449042174,0.69,0,-1,2018,-1
"276","Ibadan North East","Owan East",NA,0.478942779,0.478942779,0.69,0,-1,2018,-1
"277","Ibadan North West","Owan East",NA,0.317739486,0.317739486,0.69,0,-1,2018,-1
"278","Ibadan South East","Akinyele",NA,0.354926235,0.354926235,0.69,0,-1,2018,-1
"279","Ibadan South West","Owan East",NA,0.478942779,0.478942779,0.69,0,-1,2018,-1
"280","Ibaji","Uzo-Uwani",NA,0.620192485,0.620192485,0.69,0,-1,2018,-1
"281","Ibarapa Central","Akinyele",NA,0.354926235,0.354926235,0.69,0,-1,2018,-1
"282","Ibarapa East","Oke-Ero",NA,0.446839589,0.446839589,0.69,0,-1,2018,-1
"283","Ibarapa North","Oke-Ero",NA,0.446839589,0.446839589,0.69,0,-1,2018,-1
"284","Ibeju-Lekki","Uzo-Uwani",NA,0.7,0.7,0.69,0,-1,2018,-1
"285","Ibeno","Nsit Ubium",NA,0.497727761,0.497727761,0.69,0,-1,2018,-1
"286","Ibesikpo Asutan","Nsit Ubium",NA,0.434042549,0.434042549,0.69,0,-1,2018,-1
"287","Ibi","Keana",NA,0.377187213,0.377187213,0.69,0,-1,2018,-1
"288","Ibiono Ibom","Ngor-Okpala",NA,0.342335763,0.342335763,0.69,0,-1,2018,-1
"289","Idah","Uzo-Uwani",NA,0.620192485,0.620192485,0.69,0,-1,2018,-1
"290","Idanre","Akinyele",NA,0.354926235,0.354926235,0.69,0,-1,2018,-1
"291","Ideato North","Oru West",NA,0.8,0.8,0.69,0,-1,2018,-1
"292","Ideato South","Ngor-Okpala",NA,0.483373403,0.483373403,0.69,0,-1,2018,-1
"293","Idemili North","Uzo-Uwani",NA,0.8,0.8,0.69,0,-1,2018,-1
"294","Idemili South","Oru West",NA,0.506003708,0.506003708,0.69,0,-1,2018,-1
"295","Ido","Akinyele",NA,0.354926235,0.354926235,0.69,0,-1,2018,-1
"296","Idosi-Osi","Oke-Ero",NA,0.288017211,0.288017211,0.69,0,-1,2018,-1
"297","Ifako-Ijaye","Uzo-Uwani",NA,0.620192485,0.620192485,0.69,0,-1,2018,-1
"298","Ife Central","Akinyele",NA,0.729411659,0.729411659,0.69,0,-1,2018,-1
"299","Ife East","Akinyele",NA,0.354926235,0.354926235,0.69,0,-1,2018,-1
"300","Ife North","Akinyele",NA,0.7,0.7,0.69,0,-1,2018,-1
"301","Ife South","Akinyele",NA,0.354926235,0.354926235,0.69,0,-1,2018,-1
"302","Ifedayo","Oke-Ero",NA,0.446839589,0.446839589,0.69,0,-1,2018,-1
"303","Ifedore","Oke-Ero",NA,0.446839589,0.446839589,0.69,0,-1,2018,-1
"304","Ifelodun1","Oke-Ero",NA,0.339769018,0.339769018,0.69,0,-1,2018,-1
"305","Ifelodun2","Akinyele",NA,0.354926235,0.354926235,0.69,0,-1,2018,-1
"306","Ifo","Uzo-Uwani",NA,0.620192485,0.620192485,0.69,0,-1,2018,-1
"307","Igabi","Soba",NA,0.22049469,0.22049469,0.69,0,-1,2018,-1
"308","Igalamela-Odolu","Uzo-Uwani",NA,0.620192485,0.620192485,0.69,0,-1,2018,-1
"309","Igbo-Etiti","Uzo-Uwani",NA,0.620192485,0.620192485,0.69,0,-1,2018,-1
"310","Igbo-Eze North","Uzo-Uwani",NA,0.285378639,0.285378639,0.69,0,-1,2018,-1
"311","Igbo-Eze South","Uzo-Uwani",NA,0.620192485,0.620192485,0.69,0,-1,2018,-1
"312","Igueben","Uzo-Uwani",NA,0.620192485,0.620192485,0.69,0,-1,2018,-1
"313","Ihiala","Oru West",NA,0.489999974,0.489999974,0.69,0,-1,2018,-1
"314","Ihitte-Uboma","Ngor-Okpala",NA,0.483373403,0.483373403,0.69,0,-1,2018,-1
"315","Ijebu East","Oke-Ero",NA,0.446839589,0.446839589,0.69,0,-1,2018,-1
"316","Ijebu North","Owan East",NA,0.478942779,0.478942779,0.69,0,-1,2018,-1
"317","Ijebu North East","Oke-Ero",NA,0.446839589,0.446839589,0.69,0,-1,2018,-1
"318","Ijebu ode","Owan East",NA,0.478942779,0.478942779,0.69,0,-1,2018,-1
"319","Ijero","Oke-Ero",NA,0.397871528,0.397871528,0.69,0,-1,2018,-1
"320","Ijumu","Oke-Ero",NA,0.446839589,0.446839589,0.69,0,-1,2018,-1
"321","Ika","Ngor-Okpala",NA,0.483373403,0.483373403,0.69,0,-1,2018,-1
"322","Ika North East","Uzo-Uwani",NA,0.620192485,0.620192485,0.69,0,-1,2018,-1
"323","Ika South","Uzo-Uwani",NA,0.620192485,0.620192485,0.69,0,-1,2018,-1
"324","Ikara","Soba",NA,0.22049469,0.22049469,0.69,0,-1,2018,-1
"325","Ikeduru","Ngor-Okpala",NA,0.385892623,0.385892623,0.69,0,-1,2018,-1
"326","Ikeja","Uzo-Uwani",NA,0.620192485,0.620192485,0.69,0,-1,2018,-1
"327","Ikenne","Owan East",NA,0.478942779,0.478942779,0.69,0,-1,2018,-1
"328","Ikere","Owan East",NA,0.478942779,0.478942779,0.69,0,-1,2018,-1
"329","Ikole","Oke-Ero",NA,0.226328373,0.226328373,0.69,0,-1,2018,-1
"330","Ikom","Obubra",NA,0.61009749,0.61009749,0.69,0,-1,2018,-1
"331","Ikono","Ngor-Okpala",NA,0.7,0.7,0.69,0,-1,2018,-1
"332","Ikorodu","Uzo-Uwani",NA,0.359507461,0.359507461,0.69,0,-1,2018,-1
"333","Ikot Abasi","Nsit Ubium",NA,0.7,0.7,0.69,0,-1,2018,-1
"334","Ikot Ekpene","Ngor-Okpala",NA,0.363310644,0.363310644,0.69,0,-1,2018,-1
"335","Ikpoba-Okha","Uzo-Uwani",NA,0.371130973,0.371130973,0.69,0,-1,2018,-1
"336","Ikwerre","Oru West",NA,0.519487623,0.519487623,0.69,0,-1,2018,-1
"337","Ikwo","Obubra",NA,0.673701419,0.673701419,0.69,0,-1,2018,-1
"338","Ikwuano","Ngor-Okpala",NA,0.483373403,0.483373403,0.69,0,-1,2018,-1
"339","Ila","Oke-Ero",NA,0.446839589,0.446839589,0.69,0,-1,2018,-1
"340","Ilaje","Owan East",NA,0.478942779,0.478942779,0.69,0,-1,2018,-1
"341","Ilemeji","Akinyele",NA,0.354926235,0.354926235,0.69,0,-1,2018,-1
"342","Ile-Oluji-Okeigbo","Oke-Ero",NA,0.644444444,0.644444444,0.69,0,-1,2018,-1
"343","Ilesha East","Owan East",NA,0.7,0.7,0.69,0,-1,2018,-1
"344","Ilesha West","Akinyele",NA,0.354926235,0.354926235,0.69,0,-1,2018,-1
"345","Illela","Gawabawa",NA,0.223485083,0.223485083,0.69,0,-1,2018,-1
"346","Ilorin East","Oke-Ero",NA,0.588931756,0.588931756,0.69,0,-1,2018,-1
"347","Ilorin South","Oke-Ero",NA,0.446839589,0.446839589,0.69,0,-1,2018,-1
"348","Ilorin West","Owan East",NA,0.535999959,0.535999959,0.69,0,-1,2018,-1
"349","Imeko-Afon","Oke-Ero",NA,0.446839589,0.446839589,0.69,0,-1,2018,-1
"350","Ingawa","Rimi",NA,0.255555556,0.255555556,0.69,0,-1,2018,-1
"351","Ini","Ngor-Okpala",NA,0.483373403,0.483373403,0.69,0,-1,2018,-1
"352","Ipokia","Uzo-Uwani",NA,0.620192485,0.620192485,0.69,0,-1,2018,-1
"353","Irele","Akinyele",NA,0.354926235,0.354926235,0.69,0,-1,2018,-1
"354","Irepo","Oke-Ero",NA,0.446839589,0.446839589,0.69,0,-1,2018,-1
"355","Irepodun1","Oke-Ero",NA,0.446839589,0.446839589,0.69,0,-1,2018,-1
"356","Irepodun2","Owan East",NA,0.478942779,0.478942779,0.69,0,-1,2018,-1
"357","Irepodun-Ifelodun","Akinyele",NA,0.354926235,0.354926235,0.69,0,-1,2018,-1
"358","Irewole","Akinyele",NA,0.677272783,0.677272783,0.69,0,-1,2018,-1
"359","Isa","Rimi",NA,0.409995572,0.409995572,0.69,0,-1,2018,-1
"360","Ise-Orun","Oke-Ero",NA,0.7,0.7,0.69,0,-1,2018,-1
"361","Iseyin","Akinyele",NA,0.354926235,0.354926235,0.69,0,-1,2018,-1
"362","Ishielu","Owan East",NA,0.434735547,0.434735547,0.69,0,-1,2018,-1
"363","Isiala Mbano","Owan East",NA,0.478942779,0.478942779,0.69,0,-1,2018,-1
"364","Isiala-Ngwa North","Ngor-Okpala",NA,0.539461936,0.539461936,0.69,0,-1,2018,-1
"365","Isiala-Ngwa South","Ngor-Okpala",NA,0.483373403,0.483373403,0.69,0,-1,2018,-1
"366","Isin","Ngor-Okpala",NA,0.733062111,0.733062111,0.69,0,-1,2018,-1
"367","Isi-Uzo","Oke-Ero",NA,0.446839589,0.446839589,0.69,0,-1,2018,-1
"368","Isokan","Akinyele",NA,0.354926235,0.354926235,0.69,0,-1,2018,-1
"369","Isoko North","Isoko South",NA,0.32159624,0.32159624,0.69,0,-1,2018,-1
"370","Isoko South","Isoko South",NA,0.32159624,0.32159624,0.69,0,-1,2018,-1
"371","Isu","Ngor-Okpala",NA,0.7,0.7,0.69,0,-1,2018,-1
"372","Isuikwato","Ngor-Okpala",NA,0.483373403,0.483373403,0.69,0,-1,2018,-1
"373","Itas-Gadau","Taura",NA,0.374288617,0.374288617,0.69,0,-1,2018,-1
"374","Itesiwaju","Akinyele",NA,0.354926235,0.354926235,0.69,0,-1,2018,-1
"375","Itu","Ngor-Okpala",NA,0.8,0.8,0.69,0,-1,2018,-1
"376","Ivo","Ngor-Okpala",NA,0.483373403,0.483373403,0.69,0,-1,2018,-1
"377","Iwajowa","Oke-Ero",NA,0.446839589,0.446839589,0.69,0,-1,2018,-1
"378","Iwo","Akinyele",NA,0.664031025,0.664031025,0.69,0,-1,2018,-1
"379","Izzi","Owan East",NA,0.686885732,0.686885732,0.69,0,-1,2018,-1
"380","Jaba","Oke-Ero",NA,0.446839589,0.446839589,0.69,0,-1,2018,-1
"381","Jada","Alkaleri",NA,0.295661138,0.295661138,0.69,0,-1,2018,-1
"382","Jahun","Taura",NA,0.42134251,0.42134251,0.69,0,-1,2018,-1
"383","Jakusko","Taura",NA,0.374928041,0.374928041,0.69,0,-1,2018,-1
"384","Jalingo","Keana",NA,0.542657285,0.542657285,0.69,0,-1,2018,-1
"385","Jama'are","Taura",NA,0.341960062,0.341960062,0.69,0,-1,2018,-1
"386","Jega","Birnin Kebbi",NA,0.766772845,0.766772845,0.69,0,-1,2018,-1
"387","Jema'a","Soba",NA,0.33917526,0.33917526,0.69,0,-1,2018,-1
"388","Jere","Gawabawa",NA,0.7,0.7,0.69,0,-1,2018,-1
"389","Jibia","Rimi",NA,0.533333333,0.533333333,0.69,0,-1,2018,-1
"390","Jos East","Soba",NA,0.7,0.7,0.69,0,-1,2018,-1
"391","Jos North","Soba",NA,0.30462622,0.30462622,0.69,0,-1,2018,-1
"392","Jos South","Soba",NA,0.22049469,0.22049469,0.69,0,-1,2018,-1
"393","Kabba-Bunu","Oke-Ero",NA,0.446839589,0.446839589,0.69,0,-1,2018,-1
"394","Kabo","Gwarzo",NA,0.528669685,0.528669685,0.69,0,-1,2018,-1
"395","Kachia","Ngor-Okpala",NA,0.226107845,0.226107845,0.69,0,-1,2018,-1
"396","Kaduna North","Soba",NA,0.265737057,0.265737057,0.69,0,-1,2018,-1
"397","Kaduna South","Soba",NA,0.22049469,0.22049469,0.69,0,-1,2018,-1
"398","Kafin Hausa","Taura",NA,0.61906863,0.61906863,0.69,0,-1,2018,-1
"399","Kafur","Gwarzo",NA,0.404678348,0.404678348,0.69,0,-1,2018,-1
"400","Kaga","Darazo",NA,0.314371076,0.314371076,0.69,0,-1,2018,-1
"401","Kagarko","Oke-Ero",NA,0.446839589,0.446839589,0.69,0,-1,2018,-1
"402","Kaiama","Oke-Ero",NA,0.446839589,0.446839589,0.69,0,-1,2018,-1
"403","Kaita","Rimi",NA,0.353846154,0.353846154,0.69,0,-1,2018,-1
"404","Kajola","Akinyele",NA,0.354926235,0.354926235,0.69,0,-1,2018,-1
"405","Kajuru","Soba",NA,0.22049469,0.22049469,0.69,0,-1,2018,-1
"406","Kala-Balge","Darazo",NA,0.314371076,0.314371076,0.69,0,-1,2018,-1
"407","Kalgo","Birnin Kebbi",NA,0.728194641,0.728194641,0.69,0,-1,2018,-1
"408","Kaltungo","Alkaleri",NA,0.434127553,0.434127553,0.69,0,-1,2018,-1
"409","Kanam","Alkaleri",NA,0.497169748,0.497169748,0.69,0,-1,2018,-1
"410","Kankara","Rimi",NA,0.409995572,0.409995572,0.69,0,-1,2018,-1
"411","Kanke","Alkaleri",NA,0.434127553,0.434127553,0.69,0,-1,2018,-1
"412","Kankia","Rimi",NA,0.485714286,0.485714286,0.69,0,-1,2018,-1
"413","Kano Municipal","Alkaleri",NA,0.434127553,0.434127553,0.69,0,-1,2018,-1
"414","Karasuwa","Taura",NA,0.257494575,0.257494575,0.69,0,-1,2018,-1
"415","Karaye","Gwarzo",NA,0.616666667,0.616666667,0.69,0,-1,2018,-1
"416","Karin-Lamido","Alkaleri",NA,0.356914887,0.356914887,0.69,0,-1,2018,-1
"417","Karu","Oke-Ero",NA,0.446839589,0.446839589,0.69,0,-1,2018,-1
"418","Katagum","Gwarzo",NA,0.316822469,0.316822469,0.69,0,-1,2018,-1
"419","Katcha","Oke-Ero",NA,0.506471335,0.506471335,0.69,0,-1,2018,-1
"420","Katsina","Rimi",NA,0.698949589,0.698949589,0.69,0,-1,2018,-1
"421","Katsina-Ala","Keana",NA,0.377187213,0.377187213,0.69,0,-1,2018,-1
"422","Kaugama","Taura",NA,0.311111111,0.311111111,0.69,0,-1,2018,-1
"423","Kaura","Soba",NA,0.22049469,0.22049469,0.69,0,-1,2018,-1
"424","Kaura-Namoda","Rimi",NA,0.409995572,0.409995572,0.69,0,-1,2018,-1
"425","Kauru","Soba",NA,0.22049469,0.22049469,0.69,0,-1,2018,-1
"426","Kazaure","Babura",NA,0.5125,0.5125,0.69,0,-1,2018,-1
"427","Keana","Keana",NA,0.377187213,0.377187213,0.69,0,-1,2018,-1
"428","Kebbe","Birnin Kebbi",NA,0.62225568,0.62225568,0.69,0,-1,2018,-1
"429","Keffi","Oke-Ero",NA,0.446839589,0.446839589,0.69,0,-1,2018,-1
"430","Khana","Nsit Ubium",NA,0.485714286,0.485714286,0.69,0,-1,2018,-1
"431","Kibiya","Gwarzo",NA,0.372172547,0.372172547,0.69,0,-1,2018,-1
"432","Kirfi","Alkaleri",NA,0.276923077,0.276923077,0.69,0,-1,2018,-1
"433","Kiri Kasamma","Taura",NA,0.493729355,0.493729355,0.69,0,-1,2018,-1
"434","Kiru","Gwarzo",NA,0.438749426,0.438749426,0.69,0,-1,2018,-1
"435","Kiyawa","Takali",NA,0.342857143,0.342857143,0.69,0,-1,2018,-1
"436","Kogi","Keana",NA,0.533333333,0.533333333,0.69,0,-1,2018,-1
"437","Koko-Besse","Birnin Kebbi",NA,0.8,0.8,0.69,0,-1,2018,-1
"438","Kokona","Oke-Ero",NA,0.446839589,0.446839589,0.69,0,-1,2018,-1
"439","Kolokuma-Opokuma","Ahoada West",NA,0.589048955,0.589048955,0.69,0,-1,2018,-1
"440","Konduga","Darazo",NA,0.7,0.7,0.69,0,-1,2018,-1
"441","Konshisha","Oke-Ero",NA,0.446839589,0.446839589,0.69,0,-1,2018,-1
"442","Kontagora","Oke-Ero",NA,0.520938838,0.520938838,0.69,0,-1,2018,-1
"443","Kosofe","Isoko South",NA,0.8,0.8,0.69,0,-1,2018,-1
"444","Kubau","Soba",NA,0.22049469,0.22049469,0.69,0,-1,2018,-1
"445","Kudan","Giwa",NA,0.330508332,0.330508332,0.69,0,-1,2018,-1
"446","Kuje","Keana",NA,0.377187213,0.377187213,0.69,0,-1,2018,-1
"447","Kukawa","Babura",NA,0.8,0.8,0.69,0,-1,2018,-1
"448","Kumbotso","Taura",NA,0.374928041,0.374928041,0.69,0,-1,2018,-1
"449","Kunchi","Babura",NA,0.347410353,0.347410353,0.69,0,-1,2018,-1
"450","Kura","Gwarzo",NA,0.422222222,0.422222222,0.69,0,-1,2018,-1
"451","Kurfi","Rimi",NA,0.409995572,0.409995572,0.69,0,-1,2018,-1
"452","Kurmi","Oru West",NA,0.6,0.6,0.69,0,-1,2018,-1
"453","Kusada","Rimi",NA,0.3875,0.3875,0.69,0,-1,2018,-1
"454","Kwali","Keana",NA,0.377187213,0.377187213,0.69,0,-1,2018,-1
"455","Kwami","Alkaleri",NA,0.269494533,0.269494533,0.69,0,-1,2018,-1
"456","Kwande","Oke-Ero",NA,0.388679397,0.388679397,0.69,0,-1,2018,-1
"457","Kware","Gawabawa",NA,0.4,0.4,0.69,0,-1,2018,-1
"458","Kwaya Kusar","Alkaleri",NA,0.434127553,0.434127553,0.69,0,-1,2018,-1
"459","Lafia","Alkaleri",NA,0.434127553,0.434127553,0.69,0,-1,2018,-1
"460","Lagelu","Akinyele",NA,0.354926235,0.354926235,0.69,0,-1,2018,-1
"461","Lagos Island","Isoko South",NA,0.32159624,0.32159624,0.69,0,-1,2018,-1
"462","Lagos Mainland","Isoko South",NA,0.32159624,0.32159624,0.69,0,-1,2018,-1
"463","Lamurde","Alkaleri",NA,0.434127553,0.434127553,0.69,0,-1,2018,-1
"464","Langtang North","Alkaleri",NA,0.434127553,0.434127553,0.69,0,-1,2018,-1
"465","Langtang South","Keana",NA,0.377187213,0.377187213,0.69,0,-1,2018,-1
"466","Lapai","Oke-Ero",NA,0.446839589,0.446839589,0.69,0,-1,2018,-1
"467","Lau","Alkaleri",NA,0.381818182,0.381818182,0.69,0,-1,2018,-1
"468","Lavun","Oke-Ero",NA,0.609442103,0.609442103,0.69,0,-1,2018,-1
"469","Lere","Soba",NA,0.22049469,0.22049469,0.69,0,-1,2018,-1
"470","Logo","Keana",NA,0.377187213,0.377187213,0.69,0,-1,2018,-1
"471","Lokoja","Keana",NA,0.377187213,0.377187213,0.69,0,-1,2018,-1
"472","Machina","Taura",NA,0.254679287,0.254679287,0.69,0,-1,2018,-1
"473","Madagali","Darazo",NA,0.314371076,0.314371076,0.69,0,-1,2018,-1
"474","Madobi","Taura",NA,0.374928041,0.374928041,0.69,0,-1,2018,-1
"475","Mafa","Darazo",NA,0.314371076,0.314371076,0.69,0,-1,2018,-1
"476","Magama","Oke-Ero",NA,0.502301803,0.502301803,0.69,0,-1,2018,-1
"477","Magumeri","Gawabawa",NA,0.306631444,0.306631444,0.69,0,-1,2018,-1
"478","Mai'Adua","Rimi",NA,0.6,0.6,0.69,0,-1,2018,-1
"479","Maiduguri","Darazo",NA,0.231180397,0.231180397,0.69,0,-1,2018,-1
"480","Maigatari","Babura",NA,0.40590316,0.40590316,0.69,0,-1,2018,-1
"481","Maiha","Alkaleri",NA,0.434127553,0.434127553,0.69,0,-1,2018,-1
"482","Maiyama","Birnin Kebbi",NA,0.8,0.8,0.69,0,-1,2018,-1
"483","Makoda","Babura",NA,0.8,0.8,0.69,0,-1,2018,-1
"484","Makurdi","Keana",NA,0.284369554,0.284369554,0.69,0,-1,2018,-1
"485","Malam Madori","Taura",NA,0.7,0.7,0.69,0,-1,2018,-1
"486","Malumfashi","Gwarzo",NA,0.8,0.8,0.69,0,-1,2018,-1
"487","Mangu","Darazo",NA,0.486332243,0.486332243,0.69,0,-1,2018,-1
"488","Mani","Rimi",NA,0.399881617,0.399881617,0.69,0,-1,2018,-1
"489","Maradun","Darazo",NA,0.273493989,0.273493989,0.69,0,-1,2018,-1
"490","Mariga","Oke-Ero",NA,0.3,0.3,0.69,0,-1,2018,-1
"491","Markafi","Gwarzo",NA,0.372172547,0.372172547,0.69,0,-1,2018,-1
"492","Marte","Babura",NA,0.549277359,0.549277359,0.69,0,-1,2018,-1
"493","Maru","Giwa",NA,0.330508332,0.330508332,0.69,0,-1,2018,-1
"494","Mashegu","Oke-Ero",NA,0.446839589,0.446839589,0.69,0,-1,2018,-1
"495","Mashi","Rimi",NA,0.366666667,0.366666667,0.69,0,-1,2018,-1
"496","Matazuu","Rimi",NA,0.485714286,0.485714286,0.69,0,-1,2018,-1
"497","Mayo-Belwa","Alkaleri",NA,0.745454545,0.745454545,0.69,0,-1,2018,-1
"498","Mbaitoli","Ngor-Okpala",NA,0.57771346,0.57771346,0.69,0,-1,2018,-1
"499","Mbo","Nsit Ubium",NA,0.3,0.3,0.69,0,-1,2018,-1
"500","Michika","Darazo",NA,0.314371076,0.314371076,0.69,0,-1,2018,-1
"501","Miga","Taura",NA,0.311111111,0.311111111,0.69,0,-1,2018,-1
"502","Mikang","Alkaleri",NA,0.434127553,0.434127553,0.69,0,-1,2018,-1
"503","Minjibir","Taura",NA,0.737957946,0.737957946,0.69,0,-1,2018,-1
"504","Misau","Darazo",NA,0.322470573,0.322470573,0.69,0,-1,2018,-1
"505","Mkpat Enin","Nsit Ubium",NA,0.57995598,0.57995598,0.69,0,-1,2018,-1
"506","Moba","Oke-Ero",NA,0.286996203,0.286996203,0.69,0,-1,2018,-1
"507","Mobbar","Babura",NA,0.724066481,0.724066481,0.69,0,-1,2018,-1
"508","Mokwa","Oke-Ero",NA,0.455880274,0.455880274,0.69,0,-1,2018,-1
"509","Monguno","Babura",NA,0.549277359,0.549277359,0.69,0,-1,2018,-1
"510","Mopa-Muro","Oke-Ero",NA,0.446839589,0.446839589,0.69,0,-1,2018,-1
"511","Moro","Oke-Ero",NA,0.446839589,0.446839589,0.69,0,-1,2018,-1
"512","Mubi North","Darazo",NA,0.422784613,0.422784613,0.69,0,-1,2018,-1
"513","Mubi South","Darazo",NA,0.256373989,0.256373989,0.69,0,-1,2018,-1
"514","Musawa","Gwarzo",NA,0.568421053,0.568421053,0.69,0,-1,2018,-1
"515","Mushin","Isoko South",NA,0.32159624,0.32159624,0.69,0,-1,2018,-1
"516","Muya","Giwa",NA,0.557142857,0.557142857,0.69,0,-1,2018,-1
"517","Nafada","Alkaleri",NA,0.40161137,0.40161137,0.69,0,-1,2018,-1
"518","Nangere","Darazo",NA,0.233333333,0.233333333,0.69,0,-1,2018,-1
"519","Nasarawa1","Alkaleri",NA,0.434127553,0.434127553,0.69,0,-1,2018,-1
"520","Nasarawa2","Alkaleri",NA,0.566085612,0.566085612,0.69,0,-1,2018,-1
"521","Nasarawa-Eggon","Keana",NA,0.377187213,0.377187213,0.69,0,-1,2018,-1
"522","Ndokwa East","Ahoada West",NA,0.446461454,0.446461454,0.69,0,-1,2018,-1
"523","Ndokwa West","Isoko South",NA,0.32159624,0.32159624,0.69,0,-1,2018,-1
"524","Nembe","Ahoada West",NA,0.45,0.45,0.69,0,-1,2018,-1
"525","Ngala","Taura",NA,0.374928041,0.374928041,0.69,0,-1,2018,-1
"526","Nganzai","Gawabawa",NA,0.306631444,0.306631444,0.69,0,-1,2018,-1
"527","Ngaski","Owan East",NA,0.8,0.8,0.69,0,-1,2018,-1
"528","Ngor-Okpala","Ngor-Okpala",NA,0.755555556,0.755555556,0.69,0,-1,2018,-1
"529","Nguru","Taura",NA,0.374928041,0.374928041,0.69,0,-1,2018,-1
"530","Ningi","Takali",NA,0.285910642,0.285910642,0.69,0,-1,2018,-1
"531","Njaba","Ngor-Okpala",NA,0.8,0.8,0.69,0,-1,2018,-1
"532","Njikoka","Uzo-Uwani",NA,0.8,0.8,0.69,0,-1,2018,-1
"533","Nkanu East","Owan East",NA,0.646239251,0.646239251,0.69,0,-1,2018,-1
"534","Nkanu West","Uzo-Uwani",NA,0.620192485,0.620192485,0.69,0,-1,2018,-1
"535","Nkwerre","Ngor-Okpala",NA,0.45,0.45,0.69,0,-1,2018,-1
"536","Nnewi North","Oru West",NA,0.611077428,0.611077428,0.69,0,-1,2018,-1
"537","Nnewi South","Oru West",NA,0.773883177,0.773883177,0.69,0,-1,2018,-1
"538","Nsit Atai","Nsit Ubium",NA,0.497727761,0.497727761,0.69,0,-1,2018,-1
"539","Nsit Ibom","Nsit Ubium",NA,0.45,0.45,0.69,0,-1,2018,-1
"540","Nsit Ubium","Nsit Ubium",NA,0.628571429,0.628571429,0.69,0,-1,2018,-1
"541","Nsukka","Uzo-Uwani",NA,0.605325453,0.605325453,0.69,0,-1,2018,-1
"542","Numan","Alkaleri",NA,0.8,0.8,0.69,0,-1,2018,-1
"543","Nwangele","Ngor-Okpala",NA,0.483373403,0.483373403,0.69,0,-1,2018,-1
"544","Obafemi-Owode","Owan East",NA,0.655464296,0.655464296,0.69,0,-1,2018,-1
"545","Obanliku","Obubra",NA,0.61009749,0.61009749,0.69,0,-1,2018,-1
"546","Obi Nwa","Ngor-Okpala",NA,0.483373403,0.483373403,0.69,0,-1,2018,-1
"547","Obi1","Keana",NA,0.377187213,0.377187213,0.69,0,-1,2018,-1
"548","Obi2","Keana",NA,0.377187213,0.377187213,0.69,0,-1,2018,-1
"549","Obia-Akpor","Ahoada West",NA,0.413483794,0.413483794,0.69,0,-1,2018,-1
"550","Obokun","Akinyele",NA,0.354926235,0.354926235,0.69,0,-1,2018,-1
"551","Obot Akara","Ngor-Okpala",NA,0.483373403,0.483373403,0.69,0,-1,2018,-1
"552","Obowo","Ngor-Okpala",NA,0.483373403,0.483373403,0.69,0,-1,2018,-1
"553","Obubra","Obubra",NA,0.61009749,0.61009749,0.69,0,-1,2018,-1
"554","Obudu","Obubra",NA,0.61009749,0.61009749,0.69,0,-1,2018,-1
"555","Odeda","Oke-Ero",NA,0.446839589,0.446839589,0.69,0,-1,2018,-1
"556","Odigbo","Akinyele",NA,0.354926235,0.354926235,0.69,0,-1,2018,-1
"557","Odogbolu","Oke-Ero",NA,0.446839589,0.446839589,0.69,0,-1,2018,-1
"558","Odo-Otin","Owan East",NA,0.478942779,0.478942779,0.69,0,-1,2018,-1
"559","Odukpani","Ngor-Okpala",NA,0.483373403,0.483373403,0.69,0,-1,2018,-1
"560","Offa","Akinyele",NA,0.354926235,0.354926235,0.69,0,-1,2018,-1
"561","Ofu","Owan East",NA,0.478942779,0.478942779,0.69,0,-1,2018,-1
"562","Ogbadibo","Ahoada West",NA,0.335679232,0.335679232,0.69,0,-1,2018,-1
"563","Ogba-Egbema-Ndoni","Owan East",NA,0.478942779,0.478942779,0.69,0,-1,2018,-1
"564","Ogbaru","Ahoada West",NA,0.8,0.8,0.69,0,-1,2018,-1
"565","Ogbia","Ahoada West",NA,0.446461454,0.446461454,0.69,0,-1,2018,-1
"566","Ogbomosho North","Akinyele",NA,0.354926235,0.354926235,0.69,0,-1,2018,-1
"567","Ogbomosho South","Akinyele",NA,0.354926235,0.354926235,0.69,0,-1,2018,-1
"568","Ogo Oluwa","Oke-Ero",NA,0.446839589,0.446839589,0.69,0,-1,2018,-1
"569","Ogoja","Obubra",NA,0.61009749,0.61009749,0.69,0,-1,2018,-1
"570","Ogori-Mangongo","Owan East",NA,0.478942779,0.478942779,0.69,0,-1,2018,-1
"571","Ogu-Bolo","Nsit Ubium",NA,0.497727761,0.497727761,0.69,0,-1,2018,-1
"572","Ogun waterside","Owan East",NA,0.478942779,0.478942779,0.69,0,-1,2018,-1
"573","Oguta","Oru West",NA,0.7,0.7,0.69,0,-1,2018,-1
"574","Ohafia","Ngor-Okpala",NA,0.483373403,0.483373403,0.69,0,-1,2018,-1
"575","Ohaji-Egbema","Oru West",NA,0.666885712,0.666885712,0.69,0,-1,2018,-1
"576","Ohaozara","Obubra",NA,0.8,0.8,0.69,0,-1,2018,-1
"577","Ohaukwu","Owan East",NA,0.45,0.45,0.69,0,-1,2018,-1
"578","Ohimini","Akinyele",NA,0.354926235,0.354926235,0.69,0,-1,2018,-1
"579","Oji-River","Oru West",NA,0.611077428,0.611077428,0.69,0,-1,2018,-1
"580","Ojo","Isoko South",NA,0.32159624,0.32159624,0.69,0,-1,2018,-1
"581","Oju","Oke-Ero",NA,0.266412872,0.266412872,0.69,0,-1,2018,-1
"582","Oke-Ero","Oke-Ero",NA,0.6,0.6,0.69,0,-1,2018,-1
"583","Okehi","Owan East",NA,0.478942779,0.478942779,0.69,0,-1,2018,-1
"584","Okene","Owan East",NA,0.273066858,0.273066858,0.69,0,-1,2018,-1
"585","Okigwe","Ngor-Okpala",NA,0.533333333,0.533333333,0.69,0,-1,2018,-1
"586","Okitipupa","Owan East",NA,0.478942779,0.478942779,0.69,0,-1,2018,-1
"587","Okobo","Nsit Ubium",NA,0.497727761,0.497727761,0.69,0,-1,2018,-1
"588","Okpe","Isoko South",NA,0.32159624,0.32159624,0.69,0,-1,2018,-1
"589","Okpokwu","Akinyele",NA,0.342857143,0.342857143,0.69,0,-1,2018,-1
"590","Okrika","Nsit Ubium",NA,0.761288113,0.761288113,0.69,0,-1,2018,-1
"591","Olamabolo","Akinyele",NA,0.354926235,0.354926235,0.69,0,-1,2018,-1
"592","Ola-oluwa","Owan East",NA,0.533333333,0.533333333,0.69,0,-1,2018,-1
"593","Olorunda","Akinyele",NA,0.354926235,0.354926235,0.69,0,-1,2018,-1
"594","Olorunsogo","Oke-Ero",NA,0.446839589,0.446839589,0.69,0,-1,2018,-1
"595","Oluyole","Oke-Ero",NA,0.446839589,0.446839589,0.69,0,-1,2018,-1
"596","Omala","Keana",NA,0.377187213,0.377187213,0.69,0,-1,2018,-1
"597","Omumma","Ngor-Okpala",NA,0.271010918,0.271010918,0.69,0,-1,2018,-1
"598","Ona-Ara","Akinyele",NA,0.354926235,0.354926235,0.69,0,-1,2018,-1
"599","Ondo East","Akinyele",NA,0.354926235,0.354926235,0.69,0,-1,2018,-1
"600","Ondo West","Akinyele",NA,0.354926235,0.354926235,0.69,0,-1,2018,-1
"601","Onicha","Obubra",NA,0.575690614,0.575690614,0.69,0,-1,2018,-1
"602","Onitsha North","Uzo-Uwani",NA,0.620192485,0.620192485,0.69,0,-1,2018,-1
"603","Onitsha South","Uzo-Uwani",NA,0.620192485,0.620192485,0.69,0,-1,2018,-1
"604","Onna","Nsit Ubium",NA,0.559183639,0.559183639,0.69,0,-1,2018,-1
"605","Opobo-Nkoro","Nsit Ubium",NA,0.8,0.8,0.69,0,-1,2018,-1
"606","Oredo","Uzo-Uwani",NA,0.517164272,0.517164272,0.69,0,-1,2018,-1
"607","Orelope","Oke-Ero",NA,0.446839589,0.446839589,0.69,0,-1,2018,-1
"608","Orhionmwon","Uzo-Uwani",NA,0.382157933,0.382157933,0.69,0,-1,2018,-1
"609","Ori Ire","Oke-Ero",NA,0.446839589,0.446839589,0.69,0,-1,2018,-1
"610","Oriade","Oke-Ero",NA,0.539520622,0.539520622,0.69,0,-1,2018,-1
"611","Orlu","Oru West",NA,0.45,0.45,0.69,0,-1,2018,-1
"612","Orolu","Oke-Ero",NA,0.503030378,0.503030378,0.69,0,-1,2018,-1
"613","Oron","Nsit Ubium",NA,0.497727761,0.497727761,0.69,0,-1,2018,-1
"614","Orsu","Oru West",NA,0.457661386,0.457661386,0.69,0,-1,2018,-1
"615","Oru East","Oru West",NA,0.611077428,0.611077428,0.69,0,-1,2018,-1
"616","Oru West","Oru West",NA,0.633164524,0.633164524,0.69,0,-1,2018,-1
"617","Oruk Anam","Nsit Ubium",NA,0.492929329,0.492929329,0.69,0,-1,2018,-1
"618","Orumba North","Oru West",NA,0.6807692,0.6807692,0.69,0,-1,2018,-1
"619","Orumba South","Oru West",NA,0.611077428,0.611077428,0.69,0,-1,2018,-1
"620","Ose","Owan East",NA,0.478942779,0.478942779,0.69,0,-1,2018,-1
"621","Oshimili North","Uzo-Uwani",NA,0.620192485,0.620192485,0.69,0,-1,2018,-1
"622","Oshimili South","Uzo-Uwani",NA,0.620192485,0.620192485,0.69,0,-1,2018,-1
"623","Oshodi-Isolo","Uzo-Uwani",NA,0.45,0.45,0.69,0,-1,2018,-1
"624","Osisioma Ngwa","Ngor-Okpala",NA,0.483373403,0.483373403,0.69,0,-1,2018,-1
"625","Osogbo","Owan East",NA,0.7,0.7,0.69,0,-1,2018,-1
"626","Oturkpo","Owan East",NA,0.478942779,0.478942779,0.69,0,-1,2018,-1
"627","Ovia North East","Owan East",NA,0.478942779,0.478942779,0.69,0,-1,2018,-1
"628","Ovia South West","Akinyele",NA,0.342857143,0.342857143,0.69,0,-1,2018,-1
"629","Owan East","Owan East",NA,0.4,0.4,0.69,0,-1,2018,-1
"630","Owan West","Owan East",NA,0.478942779,0.478942779,0.69,0,-1,2018,-1
"631","Owerri North","Ngor-Okpala",NA,0.483373403,0.483373403,0.69,0,-1,2018,-1
"632","Owerri West","Ngor-Okpala",NA,0.483373403,0.483373403,0.69,0,-1,2018,-1
"633","Owerri-Municipal","Oru West",NA,0.611077428,0.611077428,0.69,0,-1,2018,-1
"634","Owo","Owan East",NA,0.345621575,0.345621575,0.69,0,-1,2018,-1
"635","Oye","Oke-Ero",NA,0.446839589,0.446839589,0.69,0,-1,2018,-1
"636","Oyi","Uzo-Uwani",NA,0.8,0.8,0.69,0,-1,2018,-1
"637","Oyigbo","Nsit Ubium",NA,0.7,0.7,0.69,0,-1,2018,-1
"638","Oyo East","Akinyele",NA,0.354926235,0.354926235,0.69,0,-1,2018,-1
"639","Oyo West","Akinyele",NA,0.354926235,0.354926235,0.69,0,-1,2018,-1
"640","Oyun","Oke-Ero",NA,0.713597417,0.713597417,0.69,0,-1,2018,-1
"641","Pailoro","Oke-Ero",NA,0.410245212,0.410245212,0.69,0,-1,2018,-1
"642","Pankshin","Alkaleri",NA,0.533333333,0.533333333,0.69,0,-1,2018,-1
"643","Patani","Isoko South",NA,0.32159624,0.32159624,0.69,0,-1,2018,-1
"644","Pategi","Oke-Ero",NA,0.446839589,0.446839589,0.69,0,-1,2018,-1
"645","Port-Harcourt","Ahoada West",NA,0.506711988,0.506711988,0.69,0,-1,2018,-1
"646","Potiskum","Darazo",NA,0.213980398,0.213980398,0.69,0,-1,2018,-1
"647","Qua'an Pan","Keana",NA,0.325279627,0.325279627,0.69,0,-1,2018,-1
"648","Rabah","Gawabawa",NA,0.533333333,0.533333333,0.69,0,-1,2018,-1
"649","Rafi","Oke-Ero",NA,0.696424291,0.696424291,0.69,0,-1,2018,-1
"650","Rano","Gwarzo",NA,0.422222222,0.422222222,0.69,0,-1,2018,-1
"651","Remo North","Owan East",NA,0.478942779,0.478942779,0.69,0,-1,2018,-1
"652","Rijau","Alkaleri",NA,0.9,0.9,0.69,0,-1,2018,-1
"653","Rimi","Rimi",NA,0.409995572,0.409995572,0.69,0,-1,2018,-1
"654","Rimin Gado","Gwarzo",NA,0.372172547,0.372172547,0.69,0,-1,2018,-1
"655","Ringim","Taura",NA,0.533333333,0.533333333,0.69,0,-1,2018,-1
"656","Riyom","Soba",NA,0.22049469,0.22049469,0.69,0,-1,2018,-1
"657","Rogo","Gwarzo",NA,0.533333333,0.533333333,0.69,0,-1,2018,-1
"658","Roni","Babura",NA,0.549277359,0.549277359,0.69,0,-1,2018,-1
"659","Sabon Birni","Gawabawa",NA,0.323867041,0.323867041,0.69,0,-1,2018,-1
"660","Sabon-Gari","Soba",NA,0.254684067,0.254684067,0.69,0,-1,2018,-1
"661","Sabuwa","Giwa",NA,0.7,0.7,0.69,0,-1,2018,-1
"662","Safana","Babura",NA,0.644444444,0.644444444,0.69,0,-1,2018,-1
"663","Sagbama","Ahoada West",NA,0.618733984,0.618733984,0.69,0,-1,2018,-1
"664","Sakaba","Alkaleri",NA,0.434127553,0.434127553,0.69,0,-1,2018,-1
"665","Saki East","Oke-Ero",NA,0.446839589,0.446839589,0.69,0,-1,2018,-1
"666","Saki West","Akinyele",NA,0.354926235,0.354926235,0.69,0,-1,2018,-1
"667","Sandamu","Rimi",NA,0.409995572,0.409995572,0.69,0,-1,2018,-1
"668","Sanga","Soba",NA,0.22049469,0.22049469,0.69,0,-1,2018,-1
"669","Sapele","Isoko South",NA,0.32159624,0.32159624,0.69,0,-1,2018,-1
"670","Sardauna","Oru West",NA,0.406564122,0.406564122,0.69,0,-1,2018,-1
"671","Shagamu","Uzo-Uwani",NA,0.654039056,0.654039056,0.69,0,-1,2018,-1
"672","Shagari","Birnin Kebbi",NA,0.35,0.35,0.69,0,-1,2018,-1
"673","Shanga","Birnin Kebbi",NA,0.857142857,0.857142857,0.69,0,-1,2018,-1
"674","Shani","Alkaleri",NA,0.434127553,0.434127553,0.69,0,-1,2018,-1
"675","Shanono","Gwarzo",NA,0.372172547,0.372172547,0.69,0,-1,2018,-1
"676","Shelleng","Darazo",NA,0.540187947,0.540187947,0.69,0,-1,2018,-1
"677","Shendam","Keana",NA,0.338149507,0.338149507,0.69,0,-1,2018,-1
"678","Shinkafi","Rimi",NA,0.409995572,0.409995572,0.69,0,-1,2018,-1
"679","Shira","Takali",NA,0.406388206,0.406388206,0.69,0,-1,2018,-1
"680","Shiroro","Oke-Ero",NA,0.626405016,0.626405016,0.69,0,-1,2018,-1
"681","Shomgom","Alkaleri",NA,0.341404793,0.341404793,0.69,0,-1,2018,-1
"682","Shomolu","Isoko South",NA,0.32159624,0.32159624,0.69,0,-1,2018,-1
"683","Silame","Gawabawa",NA,0.283333333,0.283333333,0.69,0,-1,2018,-1
"684","Soba","Soba",NA,0.22049469,0.22049469,0.69,0,-1,2018,-1
"685","Sokoto North","Gawabawa",NA,0.366666667,0.366666667,0.69,0,-1,2018,-1
"686","Sokoto South","Birnin Kebbi",NA,0.62225568,0.62225568,0.69,0,-1,2018,-1
"687","Song","Darazo",NA,0.505714286,0.505714286,0.69,0,-1,2018,-1
"688","Southern Ijaw","Ahoada West",NA,0.446461454,0.446461454,0.69,0,-1,2018,-1
"689","Suleja","Babura",NA,0.568421053,0.568421053,0.69,0,-1,2018,-1
"690","Sule-Tankarkar","Giwa",NA,0.52385119,0.52385119,0.69,0,-1,2018,-1
"691","Sumaila","Takali",NA,0.8,0.8,0.69,0,-1,2018,-1
"692","Suru","Birnin Kebbi",NA,0.733333333,0.733333333,0.69,0,-1,2018,-1
"693","Surulere1","Oke-Ero",NA,0.446839589,0.446839589,0.69,0,-1,2018,-1
"694","Surulere2","Oke-Ero",NA,0.446839589,0.446839589,0.69,0,-1,2018,-1
"695","Tafa","Oke-Ero",NA,0.7,0.7,0.69,0,-1,2018,-1
"696","Tafawa-Balewa","Alkaleri",NA,0.431206997,0.431206997,0.69,0,-1,2018,-1
"697","Tai","Nsit Ubium",NA,0.277966116,0.277966116,0.69,0,-1,2018,-1
"698","Takali","Takali",NA,0.468237707,0.468237707,0.69,0,-1,2018,-1
"699","Takum","Keana",NA,0.351369488,0.351369488,0.69,0,-1,2018,-1
"700","Talata Mafara","Darazo",NA,0.314371076,0.314371076,0.69,0,-1,2018,-1
"701","Tambuwal","Birnin Kebbi",NA,0.269294778,0.269294778,0.69,0,-1,2018,-1
"702","Tangaza","Gawabawa",NA,0.306631444,0.306631444,0.69,0,-1,2018,-1
"703","Tarauni","Alkaleri",NA,0.811023636,0.811023636,0.69,0,-1,2018,-1
"704","Tarka","Keana",NA,0.377187213,0.377187213,0.69,0,-1,2018,-1
"705","Tarmua","Rimi",NA,0.409995572,0.409995572,0.69,0,-1,2018,-1
"706","Taura","Taura",NA,0.611764706,0.611764706,0.69,0,-1,2018,-1
"707","Tofa","Taura",NA,0.430769231,0.430769231,0.69,0,-1,2018,-1
"708","Toro","Giwa",NA,0.404617808,0.404617808,0.69,0,-1,2018,-1
"709","Toto","Keana",NA,0.377187213,0.377187213,0.69,0,-1,2018,-1
"710","Toungo","Keana",NA,0.271428571,0.271428571,0.69,0,-1,2018,-1
"711","Tsafe","Takali",NA,0.234150989,0.234150989,0.69,0,-1,2018,-1
"712","Tsanyawa","Gwarzo",NA,0.372172547,0.372172547,0.69,0,-1,2018,-1
"713","Tudun Wada","Gwarzo",NA,0.287906934,0.287906934,0.69,0,-1,2018,-1
"714","Tureta","Birnin Kebbi",NA,0.305908045,0.305908045,0.69,0,-1,2018,-1
"715","Udenu","Uzo-Uwani",NA,0.8,0.8,0.69,0,-1,2018,-1
"716","Udi","Uzo-Uwani",NA,0.620192485,0.620192485,0.69,0,-1,2018,-1
"717","Udu","Isoko South",NA,0.32159624,0.32159624,0.69,0,-1,2018,-1
"718","Udung Uko","Nsit Ubium",NA,0.497727761,0.497727761,0.69,0,-1,2018,-1
"719","Ughelli North","Isoko South",NA,0.32159624,0.32159624,0.69,0,-1,2018,-1
"720","Ughelli South","Isoko South",NA,0.32159624,0.32159624,0.69,0,-1,2018,-1
"721","Ugwunagbo","Ngor-Okpala",NA,0.483373403,0.483373403,0.69,0,-1,2018,-1
"722","Uhunmwonde","Owan East",NA,0.478942779,0.478942779,0.69,0,-1,2018,-1
"723","Ukanafun","Nsit Ubium",NA,0.6,0.6,0.69,0,-1,2018,-1
"724","Ukum","Keana",NA,0.377187213,0.377187213,0.69,0,-1,2018,-1
"725","Ukwa East","Nsit Ubium",NA,0.497727761,0.497727761,0.69,0,-1,2018,-1
"726","Ukwa West","Nsit Ubium",NA,0.497727761,0.497727761,0.69,0,-1,2018,-1
"727","Ukwuani","Uzo-Uwani",NA,0.620192485,0.620192485,0.69,0,-1,2018,-1
"728","Umuahia North","Oru West",NA,0.8,0.8,0.69,0,-1,2018,-1
"729","Umuahia South","Ngor-Okpala",NA,0.7,0.7,0.69,0,-1,2018,-1
"730","Umu-Neochi","Ngor-Okpala",NA,0.483373403,0.483373403,0.69,0,-1,2018,-1
"731","Ungogo","Taura",NA,0.557446766,0.557446766,0.69,0,-1,2018,-1
"732","Unuimo","Ngor-Okpala",NA,0.483373403,0.483373403,0.69,0,-1,2018,-1
"733","Uruan","Nsit Ubium",NA,0.8,0.8,0.69,0,-1,2018,-1
"734","Urue-Offong-Oruko","Nsit Ubium",NA,0.6,0.6,0.69,0,-1,2018,-1
"735","Ushongo","Oke-Ero",NA,0.446839589,0.446839589,0.69,0,-1,2018,-1
"736","Ussa","Oru West",NA,0.45,0.45,0.69,0,-1,2018,-1
"737","Uvwie","Isoko South",NA,0.32159624,0.32159624,0.69,0,-1,2018,-1
"738","Uyo","Nsit Ubium",NA,0.595245307,0.595245307,0.69,0,-1,2018,-1
"739","Uzo-Uwani","Uzo-Uwani",NA,0.416210522,0.416210522,0.69,0,-1,2018,-1
"740","Vandeikya","Oke-Ero",NA,0.326702176,0.326702176,0.69,0,-1,2018,-1
"741","Wamako","Gawabawa",NA,0.306631444,0.306631444,0.69,0,-1,2018,-1
"742","Wamba","Alkaleri",NA,0.434127553,0.434127553,0.69,0,-1,2018,-1
"743","Warawa","Gwarzo",NA,0.252631579,0.252631579,0.69,0,-1,2018,-1
"744","Warji","Takali",NA,0.353846154,0.353846154,0.69,0,-1,2018,-1
"745","Warri North","Owan East",NA,0.478942779,0.478942779,0.69,0,-1,2018,-1
"746","Warri South","Isoko South",NA,0.32159624,0.32159624,0.69,0,-1,2018,-1
"747","Warri South West","Isoko South",NA,0.32159624,0.32159624,0.69,0,-1,2018,-1
"748","Wasagu-Danko","Alkaleri",NA,0.628571429,0.628571429,0.69,0,-1,2018,-1
"749","Wase","Alkaleri",NA,0.246511611,0.246511611,0.69,0,-1,2018,-1
"750","Wudil","Gwarzo",NA,0.323493704,0.323493704,0.69,0,-1,2018,-1
"751","Wukari","Keana",NA,0.431376297,0.431376297,0.69,0,-1,2018,-1
"752","Wurno","Gawabawa",NA,0.259036723,0.259036723,0.69,0,-1,2018,-1
"753","Wushishi","Oke-Ero",NA,0.446839589,0.446839589,0.69,0,-1,2018,-1
"754","Yabo","Gawabawa",NA,0.376470588,0.376470588,0.69,0,-1,2018,-1
"755","Yagba East","Oke-Ero",NA,0.446839589,0.446839589,0.69,0,-1,2018,-1
"756","Yagba West","Oke-Ero",NA,0.446839589,0.446839589,0.69,0,-1,2018,-1
"757","Yakurr","Obubra",NA,0.5790322,0.5790322,0.69,0,-1,2018,-1
"758","Yala","Oke-Ero",NA,0.493427231,0.493427231,0.69,0,-1,2018,-1
"759","Yamaltu-Deba","Alkaleri",NA,0.361803669,0.361803669,0.69,0,-1,2018,-1
"760","Yankwashi","Babura",NA,0.676408199,0.676408199,0.69,0,-1,2018,-1
"761","Yauri","Birnin Kebbi",NA,0.8,0.8,0.69,0,-1,2018,-1
"762","Yenegoa","Isoko South",NA,0.746976409,0.746976409,0.69,0,-1,2018,-1
"763","Yola North","Alkaleri",NA,0.348773002,0.348773002,0.69,0,-1,2018,-1
"764","Yola South","Alkaleri",NA,0.45,0.45,0.69,0,-1,2018,-1
"765","Yorro","Alkaleri",NA,0.307583686,0.307583686,0.69,0,-1,2018,-1
"766","Yunusari","Babura",NA,0.549277359,0.549277359,0.69,0,-1,2018,-1
"767","Yusufari","Taura",NA,0.374928041,0.374928041,0.69,0,-1,2018,-1
"768","Zaki","Taura",NA,0.492063501,0.492063501,0.69,0,-1,2018,-1
"769","Zango","Babura",NA,0.552941176,0.552941176,0.69,0,-1,2018,-1
"770","Zango-Kataf","Soba",NA,0.22049469,0.22049469,0.69,0,-1,2018,-1
"771","Zaria","Soba",NA,0.253514175,0.253514175,0.69,0,-1,2018,-1
"772","Zing","Alkaleri",NA,0.434127553,0.434127553,0.69,0,-1,2018,-1
"773","Zurmi","Rimi",NA,0.409995572,0.409995572,0.69,0,-1,2018,-1
"774","Zuru","Alkaleri",NA,0.434127553,0.434127553,0.69,0,-1,2018,-1
