LGA,Rep_DS,State,U5_coverage,adult_coverage,simday,duration,year
Aba North,Ngor-Okpala,,0.8,0.8,0,-1,2018
Aba South,Ngor-Okpala,,0.8,0.8,0,-1,2018
Abadam,Babura,,0.8,0.8,0,-1,2018
Abaji,Keana,,0.8,0.8,0,-1,2018
Abak,Nsit Ubium,,0.8,0.8,0,-1,2018
Abakaliki,Owan East,,0.8,0.8,0,-1,2018
Abeokuta North,Owan East,,0.8,0.8,0,-1,2018
Abeokuta South,Uzo-Uwani,,0.8,0.8,0,-1,2018
Abi,Obubra,,0.8,0.8,0,-1,2018
Aboh-Mbaise,Ngor-Okpala,,0.8,0.8,0,-1,2018
Abua-Odual,Ahoada West,,0.8,0.8,0,-1,2018
Abuja Municipal,Keana,,0.8,0.8,0,-1,2018
Adavi,Owan East,,0.8,0.8,0,-1,2018
Ado,Akinyele,,0.8,0.8,0,-1,2018
Ado Ekiti,Owan East,,0.8,0.8,0,-1,2018
Ado-Odo-Ota,Uzo-Uwani,,0.8,0.8,0,-1,2018
Afijio,Akinyele,,0.8,0.8,0,-1,2018
Afikpo North,Oru West,,0.8,0.8,0,-1,2018
Afikpo South,Ngor-Okpala,,0.8,0.8,0,-1,2018
Agaie,Oke-Ero,,0.8,0.8,0,-1,2018
Agatu,Keana,,0.8,0.8,0,-1,2018
Agege,Uzo-Uwani,,0.8,0.8,0,-1,2018
Aguata,Oru West,,0.8,0.8,0,-1,2018
Agwara,Birnin Kebbi,,0.8,0.8,0,-1,2018
Ahiazu-Mbaise,Ngor-Okpala,,0.8,0.8,0,-1,2018
Ahoada East,Ahoada West,,0.8,0.8,0,-1,2018
Ahoada West,Ahoada West,,0.8,0.8,0,-1,2018
Aiyedade,Akinyele,,0.8,0.8,0,-1,2018
Aiyedire,Akinyele,,0.8,0.8,0,-1,2018
Ajaokuta,Owan East,,0.8,0.8,0,-1,2018
Ajeromi-Ifelodun,Uzo-Uwani,,0.8,0.8,0,-1,2018
Ajingi,Taura,,0.8,0.8,0,-1,2018
Akamkpa,Ngor-Okpala,,0.8,0.8,0,-1,2018
Akinyele,Akinyele,,0.8,0.8,0,-1,2018
Akko,Alkaleri,,0.8,0.8,0,-1,2018
Akoko North East,Oke-Ero,,0.8,0.8,0,-1,2018
Akoko North West,Oke-Ero,,0.8,0.8,0,-1,2018
Akoko South East,Oke-Ero,,0.8,0.8,0,-1,2018
Akoko South West,Oke-Ero,,0.8,0.8,0,-1,2018
Akoko-Edo,Owan East,,0.8,0.8,0,-1,2018
Akpabuyo,Nsit Ubium,,0.8,0.8,0,-1,2018
Akuku Toru,Ahoada West,,0.8,0.8,0,-1,2018
Akure North,Owan East,,0.8,0.8,0,-1,2018
Akure South,Owan East,,0.8,0.8,0,-1,2018
Akwanga,Oke-Ero,,0.8,0.8,0,-1,2018
Albasu,Takali,,0.8,0.8,0,-1,2018
Aleiro,Birnin Kebbi,,0.8,0.8,0,-1,2018
Alimosho,Uzo-Uwani,,0.8,0.8,0,-1,2018
Alkaleri,Alkaleri,,0.8,0.8,0,-1,2018
Amuwo-Odofin,Isoko South,,0.8,0.8,0,-1,2018
Anambra East,Uzo-Uwani,,0.8,0.8,0,-1,2018
Anambra West,Uzo-Uwani,,0.8,0.8,0,-1,2018
Anaocha,Oru West,,0.8,0.8,0,-1,2018
Andoni,Nsit Ubium,,0.8,0.8,0,-1,2018
Aninri,Oru West,,0.8,0.8,0,-1,2018
Aniocha North,Uzo-Uwani,,0.8,0.8,0,-1,2018
Aniocha South,Uzo-Uwani,,0.8,0.8,0,-1,2018
Anka,Darazo,,0.8,0.8,0,-1,2018
Ankpa,Owan East,,0.8,0.8,0,-1,2018
Apa,Keana,,0.8,0.8,0,-1,2018
Apapa,Isoko South,,0.8,0.8,0,-1,2018
Ardo-Kola,Keana,,0.8,0.8,0,-1,2018
Arewa-Dandi,Birnin Kebbi,,0.8,0.8,0,-1,2018
Argungu,Birnin Kebbi,,0.8,0.8,0,-1,2018
Arochukwu,Ngor-Okpala,,0.8,0.8,0,-1,2018
Asa,Oke-Ero,,0.8,0.8,0,-1,2018
Asari-Toru,Ahoada West,,0.8,0.8,0,-1,2018
Askira-Uba,Darazo,,0.8,0.8,0,-1,2018
Atakumosa East,Oke-Ero,,0.8,0.8,0,-1,2018
Atakumosa West,Akinyele,,0.8,0.8,0,-1,2018
Atiba,Akinyele,,0.8,0.8,0,-1,2018
Atigbo,Oke-Ero,,0.8,0.8,0,-1,2018
Augie,Birnin Kebbi,,0.8,0.8,0,-1,2018
Auyo,Taura,,0.8,0.8,0,-1,2018
Awe,Keana,,0.8,0.8,0,-1,2018
Awgu,Oru West,,0.8,0.8,0,-1,2018
Awka North,Uzo-Uwani,,0.8,0.8,0,-1,2018
Awka South,Uzo-Uwani,,0.8,0.8,0,-1,2018
Ayamelum,Uzo-Uwani,,0.8,0.8,0,-1,2018
Babura,Babura,,0.8,0.8,0,-1,2018
Badagry,Uzo-Uwani,,0.8,0.8,0,-1,2018
Bade,Taura,,0.8,0.8,0,-1,2018
Bagudo,Birnin Kebbi,,0.8,0.8,0,-1,2018
Bagwai,Babura,,0.8,0.8,0,-1,2018
Bakassi,Obubra,,0.8,0.8,0,-1,2018
Bakori,Gwarzo,,0.8,0.8,0,-1,2018
Bakura,Darazo,,0.8,0.8,0,-1,2018
Balanga,Alkaleri,,0.8,0.8,0,-1,2018
Bali,Keana,,0.8,0.8,0,-1,2018
Bama,Darazo,,0.8,0.8,0,-1,2018
Barikin Ladi,Soba,,0.8,0.8,0,-1,2018
Baruten,Oke-Ero,,0.8,0.8,0,-1,2018
Bassa1,Keana,,0.8,0.8,0,-1,2018
Bassa2,Soba,,0.8,0.8,0,-1,2018
Batagarawa,Rimi,,0.8,0.8,0,-1,2018
Batsari,Rimi,,0.8,0.8,0,-1,2018
Bauchi,Alkaleri,,0.8,0.8,0,-1,2018
Baure,Babura,,0.8,0.8,0,-1,2018
Bayo,Alkaleri,,0.8,0.8,0,-1,2018
Bebeji,Gwarzo,,0.8,0.8,0,-1,2018
Bekwara,Oke-Ero,,0.8,0.8,0,-1,2018
Bende,Ngor-Okpala,,0.8,0.8,0,-1,2018
Biase,Ngor-Okpala,,0.8,0.8,0,-1,2018
Bichi,Gwarzo,,0.8,0.8,0,-1,2018
Bida,Oke-Ero,,0.8,0.8,0,-1,2018
Billiri,Alkaleri,,0.8,0.8,0,-1,2018
Bindawa,Rimi,,0.8,0.8,0,-1,2018
Binji,Gawabawa,,0.8,0.8,0,-1,2018
Biriniwa,Taura,,0.8,0.8,0,-1,2018
Birni Kudu,Takali,,0.8,0.8,0,-1,2018
Birnin Kebbi,Birnin Kebbi,,0.8,0.8,0,-1,2018
Birnin Magaji,Rimi,,0.8,0.8,0,-1,2018
Birnin-Gwari,Giwa,,0.8,0.8,0,-1,2018
Biu,Darazo,,0.8,0.8,0,-1,2018
Bodinga,Gawabawa,,0.8,0.8,0,-1,2018
Bogoro,Alkaleri,,0.8,0.8,0,-1,2018
Boki,Obubra,,0.8,0.8,0,-1,2018
Bokkos,Giwa,,0.8,0.8,0,-1,2018
Boluwaduro,Akinyele,,0.8,0.8,0,-1,2018
Bomadi,Isoko South,,0.8,0.8,0,-1,2018
Bonny,Nsit Ubium,,0.8,0.8,0,-1,2018
Borgu,Oke-Ero,,0.8,0.8,0,-1,2018
Boripe,Akinyele,,0.8,0.8,0,-1,2018
Bosso,Keana,,0.8,0.8,0,-1,2018
Brass,Ahoada West,,0.8,0.8,0,-1,2018
Buji,Takali,,0.8,0.8,0,-1,2018
Bukkuyum,Alkaleri,,0.8,0.8,0,-1,2018
Bungudu,Takali,,0.8,0.8,0,-1,2018
Bunkure,Gwarzo,,0.8,0.8,0,-1,2018
Bunza,Birnin Kebbi,,0.8,0.8,0,-1,2018
Bursari,Taura,,0.8,0.8,0,-1,2018
Buruku,Keana,,0.8,0.8,0,-1,2018
Burutu,Isoko South,,0.8,0.8,0,-1,2018
Bwari,Giwa,,0.8,0.8,0,-1,2018
Calabar South,Nsit Ubium,,0.8,0.8,0,-1,2018
Calabar-Municipal,Nsit Ubium,,0.8,0.8,0,-1,2018
Chanchaga,Keana,,0.8,0.8,0,-1,2018
Charanchi,Rimi,,0.8,0.8,0,-1,2018
Chibok,Darazo,,0.8,0.8,0,-1,2018
Chikun,Soba,,0.8,0.8,0,-1,2018
Dala,Alkaleri,,0.8,0.8,0,-1,2018
Damaturu,Darazo,,0.8,0.8,0,-1,2018
Damban,Darazo,,0.8,0.8,0,-1,2018
Dambatta,Babura,,0.8,0.8,0,-1,2018
Damboa,Darazo,,0.8,0.8,0,-1,2018
Dan Musa,Rimi,,0.8,0.8,0,-1,2018
Dandi,Birnin Kebbi,,0.8,0.8,0,-1,2018
Dandume,Giwa,,0.8,0.8,0,-1,2018
Dange-Shnsi,Gawabawa,,0.8,0.8,0,-1,2018
Danja,Giwa,,0.8,0.8,0,-1,2018
Darazo,Darazo,,0.8,0.8,0,-1,2018
Dass,Alkaleri,,0.8,0.8,0,-1,2018
Daura,Babura,,0.8,0.8,0,-1,2018
Dawakin Kudu,Gwarzo,,0.8,0.8,0,-1,2018
Dawakin Tofa,Taura,,0.8,0.8,0,-1,2018
Degema,Ahoada West,,0.8,0.8,0,-1,2018
Dekina,Owan East,,0.8,0.8,0,-1,2018
Demsa,Alkaleri,,0.8,0.8,0,-1,2018
Dikwa,Darazo,,0.8,0.8,0,-1,2018
Doguwa,Giwa,,0.8,0.8,0,-1,2018
Doma,Keana,,0.8,0.8,0,-1,2018
Donga,Keana,,0.8,0.8,0,-1,2018
Dukku,Darazo,,0.8,0.8,0,-1,2018
Dunukofia,Uzo-Uwani,,0.8,0.8,0,-1,2018
Dutse,Takali,,0.8,0.8,0,-1,2018
Dutsi,Rimi,,0.8,0.8,0,-1,2018
Dutsin-Ma,Rimi,,0.8,0.8,0,-1,2018
Eastern Obolo,Nsit Ubium,,0.8,0.8,0,-1,2018
Ebonyi,Owan East,,0.8,0.8,0,-1,2018
Edati,Oke-Ero,,0.8,0.8,0,-1,2018
Ede North,Akinyele,,0.8,0.8,0,-1,2018
Ede South,Akinyele,,0.8,0.8,0,-1,2018
Edu,Oke-Ero,,0.8,0.8,0,-1,2018
Efon-Alayee,Oke-Ero,,0.8,0.8,0,-1,2018
Egbado North,Owan East,,0.8,0.8,0,-1,2018
Egbado South,Uzo-Uwani,,0.8,0.8,0,-1,2018
Egbeda,Akinyele,,0.8,0.8,0,-1,2018
Egbedore,Akinyele,,0.8,0.8,0,-1,2018
Egor,Uzo-Uwani,,0.8,0.8,0,-1,2018
Ehime-Mbano,Ngor-Okpala,,0.8,0.8,0,-1,2018
Ejigbo,Akinyele,,0.8,0.8,0,-1,2018
Ekeremor,Ahoada West,,0.8,0.8,0,-1,2018
Eket,Nsit Ubium,,0.8,0.8,0,-1,2018
Ekiti,Oke-Ero,,0.8,0.8,0,-1,2018
Ekiti East,Oke-Ero,,0.8,0.8,0,-1,2018
Ekiti South West,Oke-Ero,,0.8,0.8,0,-1,2018
Ekiti West,Oke-Ero,,0.8,0.8,0,-1,2018
Ekwusigo,Oru West,,0.8,0.8,0,-1,2018
Eleme,Ahoada West,,0.8,0.8,0,-1,2018
Emohua,Ahoada West,,0.8,0.8,0,-1,2018
Emure,Oke-Ero,,0.8,0.8,0,-1,2018
Enugu East,Uzo-Uwani,,0.8,0.8,0,-1,2018
Enugu North,Uzo-Uwani,,0.8,0.8,0,-1,2018
Enugu South,Uzo-Uwani,,0.8,0.8,0,-1,2018
Epe,Uzo-Uwani,,0.8,0.8,0,-1,2018
Esan Central,Owan East,,0.8,0.8,0,-1,2018
Esan North East,Uzo-Uwani,,0.8,0.8,0,-1,2018
Esan South East,Uzo-Uwani,,0.8,0.8,0,-1,2018
Esan West,Uzo-Uwani,,0.8,0.8,0,-1,2018
Ese-Odo,Owan East,,0.8,0.8,0,-1,2018
Esit Eket,Nsit Ubium,,0.8,0.8,0,-1,2018
Essien Udim,Ngor-Okpala,,0.8,0.8,0,-1,2018
Etche,Ngor-Okpala,,0.8,0.8,0,-1,2018
Ethiope East,Isoko South,,0.8,0.8,0,-1,2018
Ethiope West,Isoko South,,0.8,0.8,0,-1,2018
Etim Ekpo,Isoko South,,0.8,0.8,0,-1,2018
Etinan,Ngor-Okpala,,0.8,0.8,0,-1,2018
Eti-Osa,Nsit Ubium,,0.8,0.8,0,-1,2018
Etsako Central,Owan East,,0.8,0.8,0,-1,2018
Etsako East,Owan East,,0.8,0.8,0,-1,2018
Etsako West,Owan East,,0.8,0.8,0,-1,2018
Etung,Obubra,,0.8,0.8,0,-1,2018
Ewekoro,Uzo-Uwani,,0.8,0.8,0,-1,2018
Ezeagu,Uzo-Uwani,,0.8,0.8,0,-1,2018
Ezinihitte,Ngor-Okpala,,0.8,0.8,0,-1,2018
Ezza North,Owan East,,0.8,0.8,0,-1,2018
Ezza South,Obubra,,0.8,0.8,0,-1,2018
Fagge,Alkaleri,,0.8,0.8,0,-1,2018
Fakai,Birnin Kebbi,,0.8,0.8,0,-1,2018
Faskari,Giwa,,0.8,0.8,0,-1,2018
Fika,Darazo,,0.8,0.8,0,-1,2018
Fufore,Alkaleri,,0.8,0.8,0,-1,2018
Funakaye,Alkaleri,,0.8,0.8,0,-1,2018
Fune,Darazo,,0.8,0.8,0,-1,2018
Funtua,Gwarzo,,0.8,0.8,0,-1,2018
Gabasawa,Taura,,0.8,0.8,0,-1,2018
Gada,Gawabawa,,0.8,0.8,0,-1,2018
Gagarawa,Taura,,0.8,0.8,0,-1,2018
Gamawa,Gwarzo,,0.8,0.8,0,-1,2018
Ganaye,Alkaleri,,0.8,0.8,0,-1,2018
Ganjuwa,Darazo,,0.8,0.8,0,-1,2018
Garki,Babura,,0.8,0.8,0,-1,2018
Garko,Gwarzo,,0.8,0.8,0,-1,2018
Garum Mallam,Gwarzo,,0.8,0.8,0,-1,2018
Gashaka,Oru West,,0.8,0.8,0,-1,2018
Gassol,Keana,,0.8,0.8,0,-1,2018
Gawabawa,Gawabawa,,0.8,0.8,0,-1,2018
Gaya,Gwarzo,,0.8,0.8,0,-1,2018
Gbako,Oke-Ero,,0.8,0.8,0,-1,2018
Gboko,Keana,,0.8,0.8,0,-1,2018
Gboyin,Obubra,,0.8,0.8,0,-1,2018
Geidam,Babura,,0.8,0.8,0,-1,2018
Gezawa,Gwarzo,,0.8,0.8,0,-1,2018
Giade,Darazo,,0.8,0.8,0,-1,2018
Gireri,Darazo,,0.8,0.8,0,-1,2018
Giwa,Giwa,,0.8,0.8,0,-1,2018
Gokana,Nsit Ubium,,0.8,0.8,0,-1,2018
Gombe,Alkaleri,,0.8,0.8,0,-1,2018
Gombi,Alkaleri,,0.8,0.8,0,-1,2018
Goronyo,Gawabawa,,0.8,0.8,0,-1,2018
Gubio,Gawabawa,,0.8,0.8,0,-1,2018
Gudu,Gawabawa,,0.8,0.8,0,-1,2018
Gujba,Darazo,,0.8,0.8,0,-1,2018
Gulani,Alkaleri,,0.8,0.8,0,-1,2018
Guma,Keana,,0.8,0.8,0,-1,2018
Gumel,Babura,,0.8,0.8,0,-1,2018
Gummi,Birnin Kebbi,,0.8,0.8,0,-1,2018
Gurara,Oke-Ero,,0.8,0.8,0,-1,2018
Guri,Taura,,0.8,0.8,0,-1,2018
Gusau,Darazo,,0.8,0.8,0,-1,2018
Guyuk,Alkaleri,,0.8,0.8,0,-1,2018
Guzamala,Babura,,0.8,0.8,0,-1,2018
Gwagwalada,Keana,,0.8,0.8,0,-1,2018
Gwale,Alkaleri,,0.8,0.8,0,-1,2018
Gwandu,Birnin Kebbi,,0.8,0.8,0,-1,2018
Gwaram,Takali,,0.8,0.8,0,-1,2018
Gwarzo,Gwarzo,,0.8,0.8,0,-1,2018
Gwer East,Oke-Ero,,0.8,0.8,0,-1,2018
Gwer West,Keana,,0.8,0.8,0,-1,2018
Gwiwa,Babura,,0.8,0.8,0,-1,2018
Gwoza,Darazo,,0.8,0.8,0,-1,2018
Hadejia,Taura,,0.8,0.8,0,-1,2018
Hawul,Darazo,,0.8,0.8,0,-1,2018
Hong,Darazo,,0.8,0.8,0,-1,2018
Ibadan North,Owan East,,0.8,0.8,0,-1,2018
Ibadan North East,Owan East,,0.8,0.8,0,-1,2018
Ibadan North West,Owan East,,0.8,0.8,0,-1,2018
Ibadan South East,Akinyele,,0.8,0.8,0,-1,2018
Ibadan South West,Owan East,,0.8,0.8,0,-1,2018
Ibaji,Uzo-Uwani,,0.8,0.8,0,-1,2018
Ibarapa Central,Akinyele,,0.8,0.8,0,-1,2018
Ibarapa East,Oke-Ero,,0.8,0.8,0,-1,2018
Ibarapa North,Oke-Ero,,0.8,0.8,0,-1,2018
Ibeju-Lekki,Uzo-Uwani,,0.8,0.8,0,-1,2018
Ibeno,Nsit Ubium,,0.8,0.8,0,-1,2018
Ibesikpo Asutan,Nsit Ubium,,0.8,0.8,0,-1,2018
Ibi,Keana,,0.8,0.8,0,-1,2018
Ibiono Ibom,Ngor-Okpala,,0.8,0.8,0,-1,2018
Idah,Uzo-Uwani,,0.8,0.8,0,-1,2018
Idanre,Akinyele,,0.8,0.8,0,-1,2018
Ideato North,Oru West,,0.8,0.8,0,-1,2018
Ideato South,Ngor-Okpala,,0.8,0.8,0,-1,2018
Idemili North,Uzo-Uwani,,0.8,0.8,0,-1,2018
Idemili South,Oru West,,0.8,0.8,0,-1,2018
Ido,Akinyele,,0.8,0.8,0,-1,2018
Idosi-Osi,Oke-Ero,,0.8,0.8,0,-1,2018
Ifako-Ijaye,Uzo-Uwani,,0.8,0.8,0,-1,2018
Ife Central,Akinyele,,0.8,0.8,0,-1,2018
Ife East,Akinyele,,0.8,0.8,0,-1,2018
Ife North,Akinyele,,0.8,0.8,0,-1,2018
Ife South,Akinyele,,0.8,0.8,0,-1,2018
Ifedayo,Oke-Ero,,0.8,0.8,0,-1,2018
Ifedore,Oke-Ero,,0.8,0.8,0,-1,2018
Ifelodun1,Oke-Ero,,0.8,0.8,0,-1,2018
Ifelodun2,Akinyele,,0.8,0.8,0,-1,2018
Ifo,Uzo-Uwani,,0.8,0.8,0,-1,2018
Igabi,Soba,,0.8,0.8,0,-1,2018
Igalamela-Odolu,Uzo-Uwani,,0.8,0.8,0,-1,2018
Igbo-Etiti,Uzo-Uwani,,0.8,0.8,0,-1,2018
Igbo-Eze North,Uzo-Uwani,,0.8,0.8,0,-1,2018
Igbo-Eze South,Uzo-Uwani,,0.8,0.8,0,-1,2018
Igueben,Uzo-Uwani,,0.8,0.8,0,-1,2018
Ihiala,Oru West,,0.8,0.8,0,-1,2018
Ihitte-Uboma,Ngor-Okpala,,0.8,0.8,0,-1,2018
Ijebu East,Oke-Ero,,0.8,0.8,0,-1,2018
Ijebu North,Owan East,,0.8,0.8,0,-1,2018
Ijebu North East,Oke-Ero,,0.8,0.8,0,-1,2018
Ijebu ode,Owan East,,0.8,0.8,0,-1,2018
Ijero,Oke-Ero,,0.8,0.8,0,-1,2018
Ijumu,Oke-Ero,,0.8,0.8,0,-1,2018
Ika,Ngor-Okpala,,0.8,0.8,0,-1,2018
Ika North East,Uzo-Uwani,,0.8,0.8,0,-1,2018
Ika South,Uzo-Uwani,,0.8,0.8,0,-1,2018
Ikara,Soba,,0.8,0.8,0,-1,2018
Ikeduru,Ngor-Okpala,,0.8,0.8,0,-1,2018
Ikeja,Uzo-Uwani,,0.8,0.8,0,-1,2018
Ikenne,Owan East,,0.8,0.8,0,-1,2018
Ikere,Owan East,,0.8,0.8,0,-1,2018
Ikole,Oke-Ero,,0.8,0.8,0,-1,2018
Ikom,Obubra,,0.8,0.8,0,-1,2018
Ikono,Ngor-Okpala,,0.8,0.8,0,-1,2018
Ikorodu,Uzo-Uwani,,0.8,0.8,0,-1,2018
Ikot Abasi,Nsit Ubium,,0.8,0.8,0,-1,2018
Ikot Ekpene,Ngor-Okpala,,0.8,0.8,0,-1,2018
Ikpoba-Okha,Uzo-Uwani,,0.8,0.8,0,-1,2018
Ikwerre,Oru West,,0.8,0.8,0,-1,2018
Ikwo,Obubra,,0.8,0.8,0,-1,2018
Ikwuano,Ngor-Okpala,,0.8,0.8,0,-1,2018
Ila,Oke-Ero,,0.8,0.8,0,-1,2018
Ilaje,Owan East,,0.8,0.8,0,-1,2018
Ilemeji,Akinyele,,0.8,0.8,0,-1,2018
Ile-Oluji-Okeigbo,Oke-Ero,,0.8,0.8,0,-1,2018
Ilesha East,Owan East,,0.8,0.8,0,-1,2018
Ilesha West,Akinyele,,0.8,0.8,0,-1,2018
Illela,Gawabawa,,0.8,0.8,0,-1,2018
Ilorin East,Oke-Ero,,0.8,0.8,0,-1,2018
Ilorin South,Oke-Ero,,0.8,0.8,0,-1,2018
Ilorin West,Owan East,,0.8,0.8,0,-1,2018
Imeko-Afon,Oke-Ero,,0.8,0.8,0,-1,2018
Ingawa,Rimi,,0.8,0.8,0,-1,2018
Ini,Ngor-Okpala,,0.8,0.8,0,-1,2018
Ipokia,Uzo-Uwani,,0.8,0.8,0,-1,2018
Irele,Akinyele,,0.8,0.8,0,-1,2018
Irepo,Oke-Ero,,0.8,0.8,0,-1,2018
Irepodun1,Oke-Ero,,0.8,0.8,0,-1,2018
Irepodun2,Owan East,,0.8,0.8,0,-1,2018
Irepodun-Ifelodun,Akinyele,,0.8,0.8,0,-1,2018
Irewole,Akinyele,,0.8,0.8,0,-1,2018
Isa,Rimi,,0.8,0.8,0,-1,2018
Ise-Orun,Oke-Ero,,0.8,0.8,0,-1,2018
Iseyin,Akinyele,,0.8,0.8,0,-1,2018
Ishielu,Owan East,,0.8,0.8,0,-1,2018
Isiala Mbano,Owan East,,0.8,0.8,0,-1,2018
Isiala-Ngwa North,Ngor-Okpala,,0.8,0.8,0,-1,2018
Isiala-Ngwa South,Ngor-Okpala,,0.8,0.8,0,-1,2018
Isin,Ngor-Okpala,,0.8,0.8,0,-1,2018
Isi-Uzo,Oke-Ero,,0.8,0.8,0,-1,2018
Isokan,Akinyele,,0.8,0.8,0,-1,2018
Isoko North,Isoko South,,0.8,0.8,0,-1,2018
Isoko South,Isoko South,,0.8,0.8,0,-1,2018
Isu,Ngor-Okpala,,0.8,0.8,0,-1,2018
Isuikwato,Ngor-Okpala,,0.8,0.8,0,-1,2018
Itas-Gadau,Taura,,0.8,0.8,0,-1,2018
Itesiwaju,Akinyele,,0.8,0.8,0,-1,2018
Itu,Ngor-Okpala,,0.8,0.8,0,-1,2018
Ivo,Ngor-Okpala,,0.8,0.8,0,-1,2018
Iwajowa,Oke-Ero,,0.8,0.8,0,-1,2018
Iwo,Akinyele,,0.8,0.8,0,-1,2018
Izzi,Owan East,,0.8,0.8,0,-1,2018
Jaba,Oke-Ero,,0.8,0.8,0,-1,2018
Jada,Alkaleri,,0.8,0.8,0,-1,2018
Jahun,Taura,,0.8,0.8,0,-1,2018
Jakusko,Taura,,0.8,0.8,0,-1,2018
Jalingo,Keana,,0.8,0.8,0,-1,2018
Jama'are,Taura,,0.8,0.8,0,-1,2018
Jega,Birnin Kebbi,,0.8,0.8,0,-1,2018
Jema'a,Soba,,0.8,0.8,0,-1,2018
Jere,Gawabawa,,0.8,0.8,0,-1,2018
Jibia,Rimi,,0.8,0.8,0,-1,2018
Jos East,Soba,,0.8,0.8,0,-1,2018
Jos North,Soba,,0.8,0.8,0,-1,2018
Jos South,Soba,,0.8,0.8,0,-1,2018
Kabba-Bunu,Oke-Ero,,0.8,0.8,0,-1,2018
Kabo,Gwarzo,,0.8,0.8,0,-1,2018
Kachia,Ngor-Okpala,,0.8,0.8,0,-1,2018
Kaduna North,Soba,,0.8,0.8,0,-1,2018
Kaduna South,Soba,,0.8,0.8,0,-1,2018
Kafin Hausa,Taura,,0.8,0.8,0,-1,2018
Kafur,Gwarzo,,0.8,0.8,0,-1,2018
Kaga,Darazo,,0.8,0.8,0,-1,2018
Kagarko,Oke-Ero,,0.8,0.8,0,-1,2018
Kaiama,Oke-Ero,,0.8,0.8,0,-1,2018
Kaita,Rimi,,0.8,0.8,0,-1,2018
Kajola,Akinyele,,0.8,0.8,0,-1,2018
Kajuru,Soba,,0.8,0.8,0,-1,2018
Kala-Balge,Darazo,,0.8,0.8,0,-1,2018
Kalgo,Birnin Kebbi,,0.8,0.8,0,-1,2018
Kaltungo,Alkaleri,,0.8,0.8,0,-1,2018
Kanam,Alkaleri,,0.8,0.8,0,-1,2018
Kankara,Rimi,,0.8,0.8,0,-1,2018
Kanke,Alkaleri,,0.8,0.8,0,-1,2018
Kankia,Rimi,,0.8,0.8,0,-1,2018
Kano Municipal,Alkaleri,,0.8,0.8,0,-1,2018
Karasuwa,Taura,,0.8,0.8,0,-1,2018
Karaye,Gwarzo,,0.8,0.8,0,-1,2018
Karin-Lamido,Alkaleri,,0.8,0.8,0,-1,2018
Karu,Oke-Ero,,0.8,0.8,0,-1,2018
Katagum,Gwarzo,,0.8,0.8,0,-1,2018
Katcha,Oke-Ero,,0.8,0.8,0,-1,2018
Katsina,Rimi,,0.8,0.8,0,-1,2018
Katsina-Ala,Keana,,0.8,0.8,0,-1,2018
Kaugama,Taura,,0.8,0.8,0,-1,2018
Kaura,Soba,,0.8,0.8,0,-1,2018
Kaura-Namoda,Rimi,,0.8,0.8,0,-1,2018
Kauru,Soba,,0.8,0.8,0,-1,2018
Kazaure,Babura,,0.8,0.8,0,-1,2018
Keana,Keana,,0.8,0.8,0,-1,2018
Kebbe,Birnin Kebbi,,0.8,0.8,0,-1,2018
Keffi,Oke-Ero,,0.8,0.8,0,-1,2018
Khana,Nsit Ubium,,0.8,0.8,0,-1,2018
Kibiya,Gwarzo,,0.8,0.8,0,-1,2018
Kirfi,Alkaleri,,0.8,0.8,0,-1,2018
Kiri Kasamma,Taura,,0.8,0.8,0,-1,2018
Kiru,Gwarzo,,0.8,0.8,0,-1,2018
Kiyawa,Takali,,0.8,0.8,0,-1,2018
Kogi,Keana,,0.8,0.8,0,-1,2018
Koko-Besse,Birnin Kebbi,,0.8,0.8,0,-1,2018
Kokona,Oke-Ero,,0.8,0.8,0,-1,2018
Kolokuma-Opokuma,Ahoada West,,0.8,0.8,0,-1,2018
Konduga,Darazo,,0.8,0.8,0,-1,2018
Konshisha,Oke-Ero,,0.8,0.8,0,-1,2018
Kontagora,Oke-Ero,,0.8,0.8,0,-1,2018
Kosofe,Isoko South,,0.8,0.8,0,-1,2018
Kubau,Soba,,0.8,0.8,0,-1,2018
Kudan,Giwa,,0.8,0.8,0,-1,2018
Kuje,Keana,,0.8,0.8,0,-1,2018
Kukawa,Babura,,0.8,0.8,0,-1,2018
Kumbotso,Taura,,0.8,0.8,0,-1,2018
Kunchi,Babura,,0.8,0.8,0,-1,2018
Kura,Gwarzo,,0.8,0.8,0,-1,2018
Kurfi,Rimi,,0.8,0.8,0,-1,2018
Kurmi,Oru West,,0.8,0.8,0,-1,2018
Kusada,Rimi,,0.8,0.8,0,-1,2018
Kwali,Keana,,0.8,0.8,0,-1,2018
Kwami,Alkaleri,,0.8,0.8,0,-1,2018
Kwande,Oke-Ero,,0.8,0.8,0,-1,2018
Kware,Gawabawa,,0.8,0.8,0,-1,2018
Kwaya Kusar,Alkaleri,,0.8,0.8,0,-1,2018
Lafia,Alkaleri,,0.8,0.8,0,-1,2018
Lagelu,Akinyele,,0.8,0.8,0,-1,2018
Lagos Island,Isoko South,,0.8,0.8,0,-1,2018
Lagos Mainland,Isoko South,,0.8,0.8,0,-1,2018
Lamurde,Alkaleri,,0.8,0.8,0,-1,2018
Langtang North,Alkaleri,,0.8,0.8,0,-1,2018
Langtang South,Keana,,0.8,0.8,0,-1,2018
Lapai,Oke-Ero,,0.8,0.8,0,-1,2018
Lau,Alkaleri,,0.8,0.8,0,-1,2018
Lavun,Oke-Ero,,0.8,0.8,0,-1,2018
Lere,Soba,,0.8,0.8,0,-1,2018
Logo,Keana,,0.8,0.8,0,-1,2018
Lokoja,Keana,,0.8,0.8,0,-1,2018
Machina,Taura,,0.8,0.8,0,-1,2018
Madagali,Darazo,,0.8,0.8,0,-1,2018
Madobi,Taura,,0.8,0.8,0,-1,2018
Mafa,Darazo,,0.8,0.8,0,-1,2018
Magama,Oke-Ero,,0.8,0.8,0,-1,2018
Magumeri,Gawabawa,,0.8,0.8,0,-1,2018
Mai'Adua,Rimi,,0.8,0.8,0,-1,2018
Maiduguri,Darazo,,0.8,0.8,0,-1,2018
Maigatari,Babura,,0.8,0.8,0,-1,2018
Maiha,Alkaleri,,0.8,0.8,0,-1,2018
Maiyama,Birnin Kebbi,,0.8,0.8,0,-1,2018
Makoda,Babura,,0.8,0.8,0,-1,2018
Makurdi,Keana,,0.8,0.8,0,-1,2018
Malam Madori,Taura,,0.8,0.8,0,-1,2018
Malumfashi,Gwarzo,,0.8,0.8,0,-1,2018
Mangu,Darazo,,0.8,0.8,0,-1,2018
Mani,Rimi,,0.8,0.8,0,-1,2018
Maradun,Darazo,,0.8,0.8,0,-1,2018
Mariga,Oke-Ero,,0.8,0.8,0,-1,2018
Markafi,Gwarzo,,0.8,0.8,0,-1,2018
Marte,Babura,,0.8,0.8,0,-1,2018
Maru,Giwa,,0.8,0.8,0,-1,2018
Mashegu,Oke-Ero,,0.8,0.8,0,-1,2018
Mashi,Rimi,,0.8,0.8,0,-1,2018
Matazuu,Rimi,,0.8,0.8,0,-1,2018
Mayo-Belwa,Alkaleri,,0.8,0.8,0,-1,2018
Mbaitoli,Ngor-Okpala,,0.8,0.8,0,-1,2018
Mbo,Nsit Ubium,,0.8,0.8,0,-1,2018
Michika,Darazo,,0.8,0.8,0,-1,2018
Miga,Taura,,0.8,0.8,0,-1,2018
Mikang,Alkaleri,,0.8,0.8,0,-1,2018
Minjibir,Taura,,0.8,0.8,0,-1,2018
Misau,Darazo,,0.8,0.8,0,-1,2018
Mkpat Enin,Nsit Ubium,,0.8,0.8,0,-1,2018
Moba,Oke-Ero,,0.8,0.8,0,-1,2018
Mobbar,Babura,,0.8,0.8,0,-1,2018
Mokwa,Oke-Ero,,0.8,0.8,0,-1,2018
Monguno,Babura,,0.8,0.8,0,-1,2018
Mopa-Muro,Oke-Ero,,0.8,0.8,0,-1,2018
Moro,Oke-Ero,,0.8,0.8,0,-1,2018
Mubi North,Darazo,,0.8,0.8,0,-1,2018
Mubi South,Darazo,,0.8,0.8,0,-1,2018
Musawa,Gwarzo,,0.8,0.8,0,-1,2018
Mushin,Isoko South,,0.8,0.8,0,-1,2018
Muya,Giwa,,0.8,0.8,0,-1,2018
Nafada,Alkaleri,,0.8,0.8,0,-1,2018
Nangere,Darazo,,0.8,0.8,0,-1,2018
Nasarawa1,Alkaleri,,0.8,0.8,0,-1,2018
Nasarawa2,Alkaleri,,0.8,0.8,0,-1,2018
Nasarawa-Eggon,Keana,,0.8,0.8,0,-1,2018
Ndokwa East,Ahoada West,,0.8,0.8,0,-1,2018
Ndokwa West,Isoko South,,0.8,0.8,0,-1,2018
Nembe,Ahoada West,,0.8,0.8,0,-1,2018
Ngala,Taura,,0.8,0.8,0,-1,2018
Nganzai,Gawabawa,,0.8,0.8,0,-1,2018
Ngaski,Owan East,,0.8,0.8,0,-1,2018
Ngor-Okpala,Ngor-Okpala,,0.8,0.8,0,-1,2018
Nguru,Taura,,0.8,0.8,0,-1,2018
Ningi,Takali,,0.8,0.8,0,-1,2018
Njaba,Ngor-Okpala,,0.8,0.8,0,-1,2018
Njikoka,Uzo-Uwani,,0.8,0.8,0,-1,2018
Nkanu East,Owan East,,0.8,0.8,0,-1,2018
Nkanu West,Uzo-Uwani,,0.8,0.8,0,-1,2018
Nkwerre,Ngor-Okpala,,0.8,0.8,0,-1,2018
Nnewi North,Oru West,,0.8,0.8,0,-1,2018
Nnewi South,Oru West,,0.8,0.8,0,-1,2018
Nsit Atai,Nsit Ubium,,0.8,0.8,0,-1,2018
Nsit Ibom,Nsit Ubium,,0.8,0.8,0,-1,2018
Nsit Ubium,Nsit Ubium,,0.8,0.8,0,-1,2018
Nsukka,Uzo-Uwani,,0.8,0.8,0,-1,2018
Numan,Alkaleri,,0.8,0.8,0,-1,2018
Nwangele,Ngor-Okpala,,0.8,0.8,0,-1,2018
Obafemi-Owode,Owan East,,0.8,0.8,0,-1,2018
Obanliku,Obubra,,0.8,0.8,0,-1,2018
Obi Nwa,Ngor-Okpala,,0.8,0.8,0,-1,2018
Obi1,Keana,,0.8,0.8,0,-1,2018
Obi2,Keana,,0.8,0.8,0,-1,2018
Obia-Akpor,Ahoada West,,0.8,0.8,0,-1,2018
Obokun,Akinyele,,0.8,0.8,0,-1,2018
Obot Akara,Ngor-Okpala,,0.8,0.8,0,-1,2018
Obowo,Ngor-Okpala,,0.8,0.8,0,-1,2018
Obubra,Obubra,,0.8,0.8,0,-1,2018
Obudu,Obubra,,0.8,0.8,0,-1,2018
Odeda,Oke-Ero,,0.8,0.8,0,-1,2018
Odigbo,Akinyele,,0.8,0.8,0,-1,2018
Odogbolu,Oke-Ero,,0.8,0.8,0,-1,2018
Odo-Otin,Owan East,,0.8,0.8,0,-1,2018
Odukpani,Ngor-Okpala,,0.8,0.8,0,-1,2018
Offa,Akinyele,,0.8,0.8,0,-1,2018
Ofu,Owan East,,0.8,0.8,0,-1,2018
Ogbadibo,Ahoada West,,0.8,0.8,0,-1,2018
Ogba-Egbema-Ndoni,Owan East,,0.8,0.8,0,-1,2018
Ogbaru,Ahoada West,,0.8,0.8,0,-1,2018
Ogbia,Ahoada West,,0.8,0.8,0,-1,2018
Ogbomosho North,Akinyele,,0.8,0.8,0,-1,2018
Ogbomosho South,Akinyele,,0.8,0.8,0,-1,2018
Ogo Oluwa,Oke-Ero,,0.8,0.8,0,-1,2018
Ogoja,Obubra,,0.8,0.8,0,-1,2018
Ogori-Mangongo,Owan East,,0.8,0.8,0,-1,2018
Ogu-Bolo,Nsit Ubium,,0.8,0.8,0,-1,2018
Ogun waterside,Owan East,,0.8,0.8,0,-1,2018
Oguta,Oru West,,0.8,0.8,0,-1,2018
Ohafia,Ngor-Okpala,,0.8,0.8,0,-1,2018
Ohaji-Egbema,Oru West,,0.8,0.8,0,-1,2018
Ohaozara,Obubra,,0.8,0.8,0,-1,2018
Ohaukwu,Owan East,,0.8,0.8,0,-1,2018
Ohimini,Akinyele,,0.8,0.8,0,-1,2018
Oji-River,Oru West,,0.8,0.8,0,-1,2018
Ojo,Isoko South,,0.8,0.8,0,-1,2018
Oju,Oke-Ero,,0.8,0.8,0,-1,2018
Oke-Ero,Oke-Ero,,0.8,0.8,0,-1,2018
Okehi,Owan East,,0.8,0.8,0,-1,2018
Okene,Owan East,,0.8,0.8,0,-1,2018
Okigwe,Ngor-Okpala,,0.8,0.8,0,-1,2018
Okitipupa,Owan East,,0.8,0.8,0,-1,2018
Okobo,Nsit Ubium,,0.8,0.8,0,-1,2018
Okpe,Isoko South,,0.8,0.8,0,-1,2018
Okpokwu,Akinyele,,0.8,0.8,0,-1,2018
Okrika,Nsit Ubium,,0.8,0.8,0,-1,2018
Olamabolo,Akinyele,,0.8,0.8,0,-1,2018
Ola-oluwa,Owan East,,0.8,0.8,0,-1,2018
Olorunda,Akinyele,,0.8,0.8,0,-1,2018
Olorunsogo,Oke-Ero,,0.8,0.8,0,-1,2018
Oluyole,Oke-Ero,,0.8,0.8,0,-1,2018
Omala,Keana,,0.8,0.8,0,-1,2018
Omumma,Ngor-Okpala,,0.8,0.8,0,-1,2018
Ona-Ara,Akinyele,,0.8,0.8,0,-1,2018
Ondo East,Akinyele,,0.8,0.8,0,-1,2018
Ondo West,Akinyele,,0.8,0.8,0,-1,2018
Onicha,Obubra,,0.8,0.8,0,-1,2018
Onitsha North,Uzo-Uwani,,0.8,0.8,0,-1,2018
Onitsha South,Uzo-Uwani,,0.8,0.8,0,-1,2018
Onna,Nsit Ubium,,0.8,0.8,0,-1,2018
Opobo-Nkoro,Nsit Ubium,,0.8,0.8,0,-1,2018
Oredo,Uzo-Uwani,,0.8,0.8,0,-1,2018
Orelope,Oke-Ero,,0.8,0.8,0,-1,2018
Orhionmwon,Uzo-Uwani,,0.8,0.8,0,-1,2018
Ori Ire,Oke-Ero,,0.8,0.8,0,-1,2018
Oriade,Oke-Ero,,0.8,0.8,0,-1,2018
Orlu,Oru West,,0.8,0.8,0,-1,2018
Orolu,Oke-Ero,,0.8,0.8,0,-1,2018
Oron,Nsit Ubium,,0.8,0.8,0,-1,2018
Orsu,Oru West,,0.8,0.8,0,-1,2018
Oru East,Oru West,,0.8,0.8,0,-1,2018
Oru West,Oru West,,0.8,0.8,0,-1,2018
Oruk Anam,Nsit Ubium,,0.8,0.8,0,-1,2018
Orumba North,Oru West,,0.8,0.8,0,-1,2018
Orumba South,Oru West,,0.8,0.8,0,-1,2018
Ose,Owan East,,0.8,0.8,0,-1,2018
Oshimili North,Uzo-Uwani,,0.8,0.8,0,-1,2018
Oshimili South,Uzo-Uwani,,0.8,0.8,0,-1,2018
Oshodi-Isolo,Uzo-Uwani,,0.8,0.8,0,-1,2018
Osisioma Ngwa,Ngor-Okpala,,0.8,0.8,0,-1,2018
Osogbo,Owan East,,0.8,0.8,0,-1,2018
Oturkpo,Owan East,,0.8,0.8,0,-1,2018
Ovia North East,Owan East,,0.8,0.8,0,-1,2018
Ovia South West,Akinyele,,0.8,0.8,0,-1,2018
Owan East,Owan East,,0.8,0.8,0,-1,2018
Owan West,Owan East,,0.8,0.8,0,-1,2018
Owerri North,Ngor-Okpala,,0.8,0.8,0,-1,2018
Owerri West,Ngor-Okpala,,0.8,0.8,0,-1,2018
Owerri-Municipal,Oru West,,0.8,0.8,0,-1,2018
Owo,Owan East,,0.8,0.8,0,-1,2018
Oye,Oke-Ero,,0.8,0.8,0,-1,2018
Oyi,Uzo-Uwani,,0.8,0.8,0,-1,2018
Oyigbo,Nsit Ubium,,0.8,0.8,0,-1,2018
Oyo East,Akinyele,,0.8,0.8,0,-1,2018
Oyo West,Akinyele,,0.8,0.8,0,-1,2018
Oyun,Oke-Ero,,0.8,0.8,0,-1,2018
Pailoro,Oke-Ero,,0.8,0.8,0,-1,2018
Pankshin,Alkaleri,,0.8,0.8,0,-1,2018
Patani,Isoko South,,0.8,0.8,0,-1,2018
Pategi,Oke-Ero,,0.8,0.8,0,-1,2018
Port-Harcourt,Ahoada West,,0.8,0.8,0,-1,2018
Potiskum,Darazo,,0.8,0.8,0,-1,2018
Qua'an Pan,Keana,,0.8,0.8,0,-1,2018
Rabah,Gawabawa,,0.8,0.8,0,-1,2018
Rafi,Oke-Ero,,0.8,0.8,0,-1,2018
Rano,Gwarzo,,0.8,0.8,0,-1,2018
Remo North,Owan East,,0.8,0.8,0,-1,2018
Rijau,Alkaleri,,0.8,0.8,0,-1,2018
Rimi,Rimi,,0.8,0.8,0,-1,2018
Rimin Gado,Gwarzo,,0.8,0.8,0,-1,2018
Ringim,Taura,,0.8,0.8,0,-1,2018
Riyom,Soba,,0.8,0.8,0,-1,2018
Rogo,Gwarzo,,0.8,0.8,0,-1,2018
Roni,Babura,,0.8,0.8,0,-1,2018
Sabon Birni,Gawabawa,,0.8,0.8,0,-1,2018
Sabon-Gari,Soba,,0.8,0.8,0,-1,2018
Sabuwa,Giwa,,0.8,0.8,0,-1,2018
Safana,Babura,,0.8,0.8,0,-1,2018
Sagbama,Ahoada West,,0.8,0.8,0,-1,2018
Sakaba,Alkaleri,,0.8,0.8,0,-1,2018
Saki East,Oke-Ero,,0.8,0.8,0,-1,2018
Saki West,Akinyele,,0.8,0.8,0,-1,2018
Sandamu,Rimi,,0.8,0.8,0,-1,2018
Sanga,Soba,,0.8,0.8,0,-1,2018
Sapele,Isoko South,,0.8,0.8,0,-1,2018
Sardauna,Oru West,,0.8,0.8,0,-1,2018
Shagamu,Uzo-Uwani,,0.8,0.8,0,-1,2018
Shagari,Birnin Kebbi,,0.8,0.8,0,-1,2018
Shanga,Birnin Kebbi,,0.8,0.8,0,-1,2018
Shani,Alkaleri,,0.8,0.8,0,-1,2018
Shanono,Gwarzo,,0.8,0.8,0,-1,2018
Shelleng,Darazo,,0.8,0.8,0,-1,2018
Shendam,Keana,,0.8,0.8,0,-1,2018
Shinkafi,Rimi,,0.8,0.8,0,-1,2018
Shira,Takali,,0.8,0.8,0,-1,2018
Shiroro,Oke-Ero,,0.8,0.8,0,-1,2018
Shomgom,Alkaleri,,0.8,0.8,0,-1,2018
Shomolu,Isoko South,,0.8,0.8,0,-1,2018
Silame,Gawabawa,,0.8,0.8,0,-1,2018
Soba,Soba,,0.8,0.8,0,-1,2018
Sokoto North,Gawabawa,,0.8,0.8,0,-1,2018
Sokoto South,Birnin Kebbi,,0.8,0.8,0,-1,2018
Song,Darazo,,0.8,0.8,0,-1,2018
Southern Ijaw,Ahoada West,,0.8,0.8,0,-1,2018
Suleja,Babura,,0.8,0.8,0,-1,2018
Sule-Tankarkar,Giwa,,0.8,0.8,0,-1,2018
Sumaila,Takali,,0.8,0.8,0,-1,2018
Suru,Birnin Kebbi,,0.8,0.8,0,-1,2018
Surulere1,Oke-Ero,,0.8,0.8,0,-1,2018
Surulere2,Oke-Ero,,0.8,0.8,0,-1,2018
Tafa,Oke-Ero,,0.8,0.8,0,-1,2018
Tafawa-Balewa,Alkaleri,,0.8,0.8,0,-1,2018
Tai,Nsit Ubium,,0.8,0.8,0,-1,2018
Takali,Takali,,0.8,0.8,0,-1,2018
Takum,Keana,,0.8,0.8,0,-1,2018
Talata Mafara,Darazo,,0.8,0.8,0,-1,2018
Tambuwal,Birnin Kebbi,,0.8,0.8,0,-1,2018
Tangaza,Gawabawa,,0.8,0.8,0,-1,2018
Tarauni,Alkaleri,,0.8,0.8,0,-1,2018
Tarka,Keana,,0.8,0.8,0,-1,2018
Tarmua,Rimi,,0.8,0.8,0,-1,2018
Taura,Taura,,0.8,0.8,0,-1,2018
Tofa,Taura,,0.8,0.8,0,-1,2018
Toro,Giwa,,0.8,0.8,0,-1,2018
Toto,Keana,,0.8,0.8,0,-1,2018
Toungo,Keana,,0.8,0.8,0,-1,2018
Tsafe,Takali,,0.8,0.8,0,-1,2018
Tsanyawa,Gwarzo,,0.8,0.8,0,-1,2018
Tudun Wada,Gwarzo,,0.8,0.8,0,-1,2018
Tureta,Birnin Kebbi,,0.8,0.8,0,-1,2018
Udenu,Uzo-Uwani,,0.8,0.8,0,-1,2018
Udi,Uzo-Uwani,,0.8,0.8,0,-1,2018
Udu,Isoko South,,0.8,0.8,0,-1,2018
Udung Uko,Nsit Ubium,,0.8,0.8,0,-1,2018
Ughelli North,Isoko South,,0.8,0.8,0,-1,2018
Ughelli South,Isoko South,,0.8,0.8,0,-1,2018
Ugwunagbo,Ngor-Okpala,,0.8,0.8,0,-1,2018
Uhunmwonde,Owan East,,0.8,0.8,0,-1,2018
Ukanafun,Nsit Ubium,,0.8,0.8,0,-1,2018
Ukum,Keana,,0.8,0.8,0,-1,2018
Ukwa East,Nsit Ubium,,0.8,0.8,0,-1,2018
Ukwa West,Nsit Ubium,,0.8,0.8,0,-1,2018
Ukwuani,Uzo-Uwani,,0.8,0.8,0,-1,2018
Umuahia North,Oru West,,0.8,0.8,0,-1,2018
Umuahia South,Ngor-Okpala,,0.8,0.8,0,-1,2018
Umu-Neochi,Ngor-Okpala,,0.8,0.8,0,-1,2018
Ungogo,Taura,,0.8,0.8,0,-1,2018
Unuimo,Ngor-Okpala,,0.8,0.8,0,-1,2018
Uruan,Nsit Ubium,,0.8,0.8,0,-1,2018
Urue-Offong-Oruko,Nsit Ubium,,0.8,0.8,0,-1,2018
Ushongo,Oke-Ero,,0.8,0.8,0,-1,2018
Ussa,Oru West,,0.8,0.8,0,-1,2018
Uvwie,Isoko South,,0.8,0.8,0,-1,2018
Uyo,Nsit Ubium,,0.8,0.8,0,-1,2018
Uzo-Uwani,Uzo-Uwani,,0.8,0.8,0,-1,2018
Vandeikya,Oke-Ero,,0.8,0.8,0,-1,2018
Wamako,Gawabawa,,0.8,0.8,0,-1,2018
Wamba,Alkaleri,,0.8,0.8,0,-1,2018
Warawa,Gwarzo,,0.8,0.8,0,-1,2018
Warji,Takali,,0.8,0.8,0,-1,2018
Warri North,Owan East,,0.8,0.8,0,-1,2018
Warri South,Isoko South,,0.8,0.8,0,-1,2018
Warri South West,Isoko South,,0.8,0.8,0,-1,2018
Wasagu-Danko,Alkaleri,,0.8,0.8,0,-1,2018
Wase,Alkaleri,,0.8,0.8,0,-1,2018
Wudil,Gwarzo,,0.8,0.8,0,-1,2018
Wukari,Keana,,0.8,0.8,0,-1,2018
Wurno,Gawabawa,,0.8,0.8,0,-1,2018
Wushishi,Oke-Ero,,0.8,0.8,0,-1,2018
Yabo,Gawabawa,,0.8,0.8,0,-1,2018
Yagba East,Oke-Ero,,0.8,0.8,0,-1,2018
Yagba West,Oke-Ero,,0.8,0.8,0,-1,2018
Yakurr,Obubra,,0.8,0.8,0,-1,2018
Yala,Oke-Ero,,0.8,0.8,0,-1,2018
Yamaltu-Deba,Alkaleri,,0.8,0.8,0,-1,2018
Yankwashi,Babura,,0.8,0.8,0,-1,2018
Yauri,Birnin Kebbi,,0.8,0.8,0,-1,2018
Yenegoa,Isoko South,,0.8,0.8,0,-1,2018
Yola North,Alkaleri,,0.8,0.8,0,-1,2018
Yola South,Alkaleri,,0.8,0.8,0,-1,2018
Yorro,Alkaleri,,0.8,0.8,0,-1,2018
Yunusari,Babura,,0.8,0.8,0,-1,2018
Yusufari,Taura,,0.8,0.8,0,-1,2018
Zaki,Taura,,0.8,0.8,0,-1,2018
Zango,Babura,,0.8,0.8,0,-1,2018
Zango-Kataf,Soba,,0.8,0.8,0,-1,2018
Zaria,Soba,,0.8,0.8,0,-1,2018
Zing,Alkaleri,,0.8,0.8,0,-1,2018
Zurmi,Rimi,,0.8,0.8,0,-1,2018
Zuru,Alkaleri,,0.8,0.8,0,-1,2018
